"long","lat","pop_density","in_structural_void","in_stochastic_void"
34.45,-0.7,1000.01320460393,FALSE,FALSE
34.4679662234998,-0.7,1000.01936522167,FALSE,FALSE
34.4859324469996,-0.7,1000.03023808337,FALSE,FALSE
34.5038986704995,-0.7,1000.04917737863,FALSE,FALSE
34.5218648939993,-0.7,1000.06668079607,FALSE,FALSE
34.5398311174991,-0.7,1000.06211722994,FALSE,FALSE
34.5577973409989,-0.7,1000.04163380287,FALSE,FALSE
34.5757635644987,-0.7,1000.03279821754,FALSE,FALSE
34.5937297879986,-0.7,1000.04882174309,FALSE,FALSE
34.6116960114984,-0.7,1000.07371763073,FALSE,FALSE
34.6296622349982,-0.7,1000.06963250506,FALSE,FALSE
34.647628458498,-0.7,1000.03883671609,FALSE,FALSE
34.6655946819978,-0.7,1000.01439757523,FALSE,FALSE
34.6835609054977,-0.7,1000.00408417627,FALSE,FALSE
34.7015271289975,-0.7,1000.00098106355,FALSE,FALSE
34.7194933524973,-0.7,1000.0002124413,FALSE,FALSE
34.7374595759971,-0.7,1000.00004315354,FALSE,FALSE
34.7554257994969,-0.7,1000.00000852239,FALSE,FALSE
34.7733920229968,-0.7,1000.0000017397,FALSE,FALSE
34.7913582464966,-0.7,1000.00000041314,FALSE,FALSE
34.8093244699964,-0.7,1000.0000001272,FALSE,FALSE
34.8272906934962,-0.7,1000.00000004796,FALSE,FALSE
34.845256916996,-0.7,1000.00000001908,FALSE,FALSE
34.8632231404959,-0.7,1000.00000000729,FALSE,FALSE
34.8811893639957,-0.7,1000.0000000026,FALSE,FALSE
34.8991555874955,-0.7,1000.00000000087,FALSE,FALSE
34.9171218109953,-0.7,1000.00000000029,FALSE,FALSE
34.9350880344952,-0.7,1000.00000000012,FALSE,FALSE
34.953054257995,-0.7,1000.00000000009,FALSE,FALSE
34.9710204814948,-0.7,1000.0000000001,FALSE,FALSE
34.9889867049946,-0.7,1000.00000000013,FALSE,FALSE
35.0069529284944,-0.7,1000.00000000014,FALSE,FALSE
35.0249191519943,-0.7,1000.00000000015,FALSE,FALSE
35.0428853754941,-0.7,1000.00000000014,FALSE,FALSE
35.0608515989939,-0.7,1000.00000000011,FALSE,FALSE
35.0788178224937,-0.7,1000.00000000008,FALSE,FALSE
35.0967840459935,-0.7,1000.00000000005,FALSE,FALSE
34.45,-0.68203377650018,1000.07095322627,FALSE,FALSE
34.4679662234998,-0.68203377650018,1000.09867390477,FALSE,FALSE
34.4859324469996,-0.68203377650018,1000.14736796383,FALSE,FALSE
34.5038986704995,-0.68203377650018,1000.25580160815,FALSE,FALSE
34.5218648939993,-0.68203377650018,1000.38842536254,FALSE,FALSE
34.5398311174991,-0.68203377650018,1000.35233842681,FALSE,FALSE
34.5577973409989,-0.68203377650018,1000.19606808484,FALSE,FALSE
34.5757635644987,-0.68203377650018,1000.1291023996,FALSE,FALSE
34.5937297879986,-0.68203377650018,1000.22820884279,FALSE,FALSE
34.6116960114984,-0.68203377650018,1000.42926755286,FALSE,FALSE
34.6296622349982,-0.68203377650018,1000.4008266693,FALSE,FALSE
34.647628458498,-0.68203377650018,1000.17959338369,FALSE,FALSE
34.6655946819978,-0.68203377650018,1000.05136097258,FALSE,FALSE
34.6835609054977,-0.68203377650018,1000.01171574224,FALSE,FALSE
34.7015271289975,-0.68203377650018,1000.00238069361,FALSE,FALSE
34.7194933524973,-0.68203377650018,1000.00045464289,FALSE,FALSE
34.7374595759971,-0.68203377650018,1000.00008458649,FALSE,FALSE
34.7554257994969,-0.68203377650018,1000.00001627018,FALSE,FALSE
34.7733920229968,-0.68203377650018,1000.00000372413,FALSE,FALSE
34.7913582464966,-0.68203377650018,1000.00000118726,FALSE,FALSE
34.8093244699964,-0.68203377650018,1000.00000048828,FALSE,FALSE
34.8272906934962,-0.68203377650018,1000.00000021073,FALSE,FALSE
34.845256916996,-0.68203377650018,1000.00000008541,FALSE,FALSE
34.8632231404959,-0.68203377650018,1000.0000000316,FALSE,FALSE
34.8811893639957,-0.68203377650018,1000.00000001071,FALSE,FALSE
34.8991555874955,-0.68203377650018,1000.00000000341,FALSE,FALSE
34.9171218109953,-0.68203377650018,1000.0000000011,FALSE,FALSE
34.9350880344952,-0.68203377650018,1000.0000000005,FALSE,FALSE
34.953054257995,-0.68203377650018,1000.00000000044,FALSE,FALSE
34.9710204814948,-0.68203377650018,1000.00000000057,FALSE,FALSE
34.9889867049946,-0.68203377650018,1000.00000000074,FALSE,FALSE
35.0069529284944,-0.68203377650018,1000.00000000087,FALSE,FALSE
35.0249191519943,-0.68203377650018,1000.0000000009,FALSE,FALSE
35.0428853754941,-0.68203377650018,1000.00000000081,FALSE,FALSE
35.0608515989939,-0.68203377650018,1000.00000000064,FALSE,FALSE
35.0788178224937,-0.68203377650018,1000.00000000045,FALSE,FALSE
35.0967840459935,-0.68203377650018,1000.00000000028,FALSE,FALSE
34.45,-0.664067553000359,1000.38259004919,FALSE,FALSE
34.4679662234998,-0.664067553000359,1000.50010271478,FALSE,FALSE
34.4859324469996,-0.664067553000359,1000.67839124092,FALSE,FALSE
34.5038986704995,-0.664067553000359,1001.18237353463,FALSE,FALSE
34.5218648939993,-0.664067553000359,1002.21037612636,FALSE,FALSE
34.5398311174991,-0.664067553000359,1001.90973089003,FALSE,FALSE
34.5577973409989,-0.664067553000359,1000.80884362437,FALSE,FALSE
34.5757635644987,-0.664067553000359,1000.40450309941,FALSE,FALSE
34.5937297879986,-0.664067553000359,1000.84638757029,FALSE,FALSE
34.6116960114984,-0.664067553000359,1002.406065082,FALSE,FALSE
34.6296622349982,-0.664067553000359,1002.15461537377,FALSE,FALSE
34.647628458498,-0.664067553000359,1000.63748509536,FALSE,FALSE
34.6655946819978,-0.664067553000359,1000.13166266884,FALSE,FALSE
34.6835609054977,-0.664067553000359,1000.02434735297,FALSE,FALSE
34.7015271289975,-0.664067553000359,1000.00431065877,FALSE,FALSE
34.7194933524973,-0.664067553000359,1000.00075259182,FALSE,FALSE
34.7374595759971,-0.664067553000359,1000.00013623346,FALSE,FALSE
34.7554257994969,-0.664067553000359,1000.00003001324,FALSE,FALSE
34.7733920229968,-0.664067553000359,1000.00001011045,FALSE,FALSE
34.7913582464966,-0.664067553000359,1000.00000469436,FALSE,FALSE
34.8093244699964,-0.664067553000359,1000.00000225477,FALSE,FALSE
34.8272906934962,-0.664067553000359,1000.00000098424,FALSE,FALSE
34.845256916996,-0.664067553000359,1000.00000038142,FALSE,FALSE
34.8632231404959,-0.664067553000359,1000.00000013248,FALSE,FALSE
34.8811893639957,-0.664067553000359,1000.00000004207,FALSE,FALSE
34.8991555874955,-0.664067553000359,1000.00000001265,FALSE,FALSE
34.9171218109953,-0.664067553000359,1000.00000000407,FALSE,FALSE
34.9350880344952,-0.664067553000359,1000.00000000212,FALSE,FALSE
34.953054257995,-0.664067553000359,1000.00000000232,FALSE,FALSE
34.9710204814948,-0.664067553000359,1000.00000000328,FALSE,FALSE
34.9889867049946,-0.664067553000359,1000.0000000044,FALSE,FALSE
35.0069529284944,-0.664067553000359,1000.00000000522,FALSE,FALSE
35.0249191519943,-0.664067553000359,1000.00000000539,FALSE,FALSE
35.0428853754941,-0.664067553000359,1000.00000000484,FALSE,FALSE
35.0608515989939,-0.664067553000359,1000.00000000378,FALSE,FALSE
35.0788178224937,-0.664067553000359,1000.00000000258,FALSE,FALSE
35.0967840459935,-0.664067553000359,1000.00000000155,FALSE,FALSE
34.45,-0.646101329500539,1002.05801551232,FALSE,FALSE
34.4679662234998,-0.646101329500539,1002.49075339927,FALSE,FALSE
34.4859324469996,-0.646101329500539,1003.0926663709,FALSE,FALSE
34.5038986704995,-0.646101329500539,1004.31140349007,FALSE,FALSE
34.5218648939993,-0.646101329500539,1010.86234285451,FALSE,FALSE
34.5398311174991,-0.646101329500539,1008.09521868778,FALSE,FALSE
34.5577973409989,-0.646101329500539,1002.64657666587,FALSE,FALSE
34.5757635644987,-0.646101329500539,1000.94616262255,FALSE,FALSE
34.5937297879986,-0.646101329500539,1001.70558052005,FALSE,FALSE
34.6116960114984,-0.646101329500539,1009.10881821765,FALSE,FALSE
34.6296622349982,-0.646101329500539,1007.06811904212,FALSE,FALSE
34.647628458498,-0.646101329500539,1001.18596233855,FALSE,FALSE
34.6655946819978,-0.646101329500539,1000.19744971047,FALSE,FALSE
34.6835609054977,-0.646101329500539,1000.03284738125,FALSE,FALSE
34.7015271289975,-0.646101329500539,1000.00548701145,FALSE,FALSE
34.7194933524973,-0.646101329500539,1000.00095187104,FALSE,FALSE
34.7374595759971,-0.646101329500539,1000.00020427029,FALSE,FALSE
34.7554257994969,-0.646101329500539,1000.00007531848,FALSE,FALSE
34.7733920229968,-0.646101329500539,1000.00004151617,FALSE,FALSE
34.7913582464966,-0.646101329500539,1000.00002299419,FALSE,FALSE
34.8093244699964,-0.646101329500539,1000.00001106166,FALSE,FALSE
34.8272906934962,-0.646101329500539,1000.00000455661,FALSE,FALSE
34.845256916996,-0.646101329500539,1000.00000163675,FALSE,FALSE
34.8632231404959,-0.646101329500539,1000.00000052577,FALSE,FALSE
34.8811893639957,-0.646101329500539,1000.00000015544,FALSE,FALSE
34.8991555874955,-0.646101329500539,1000.00000004438,FALSE,FALSE
34.9171218109953,-0.646101329500539,1000.00000001462,FALSE,FALSE
34.9350880344952,-0.646101329500539,1000.00000000935,FALSE,FALSE
34.953054257995,-0.646101329500539,1000.00000001232,FALSE,FALSE
34.9710204814948,-0.646101329500539,1000.00000001874,FALSE,FALSE
34.9889867049946,-0.646101329500539,1000.00000002599,FALSE,FALSE
35.0069529284944,-0.646101329500539,1000.00000003134,FALSE,FALSE
35.0249191519943,-0.646101329500539,1000.00000003249,FALSE,FALSE
35.0428853754941,-0.646101329500539,1000.00000002891,FALSE,FALSE
35.0608515989939,-0.646101329500539,1000.00000002211,FALSE,FALSE
35.0788178224937,-0.646101329500539,1000.00000001462,FALSE,FALSE
35.0967840459935,-0.646101329500539,1000.00000000842,FALSE,FALSE
34.45,-0.628135106000719,1011.02108029228,FALSE,FALSE
34.4679662234998,-0.628135106000719,1011.13481207786,FALSE,FALSE
34.4859324469996,-0.628135106000719,1014.87536767304,FALSE,FALSE
34.5038986704995,-0.628135106000719,1014.4688176462,FALSE,FALSE
34.5218648939993,-0.628135106000719,1014.73788760222,FALSE,FALSE
34.5398311174991,-0.628135106000719,1016.83308212635,FALSE,FALSE
34.5577973409989,-0.628135106000719,1006.68256652624,FALSE,FALSE
34.5757635644987,-0.628135106000719,1001.73713506532,FALSE,FALSE
34.5937297879986,-0.628135106000719,1001.46099818222,FALSE,FALSE
34.6116960114984,-0.628135106000719,1003.51609528772,FALSE,FALSE
34.6296622349982,-0.628135106000719,1003.00403944126,FALSE,FALSE
34.647628458498,-0.628135106000719,1000.78579531301,FALSE,FALSE
34.6655946819978,-0.628135106000719,1000.15237483414,FALSE,FALSE
34.6835609054977,-0.628135106000719,1000.02733190227,FALSE,FALSE
34.7015271289975,-0.628135106000719,1000.00489181319,FALSE,FALSE
34.7194933524973,-0.628135106000719,1000.00107164763,FALSE,FALSE
34.7374595759971,-0.628135106000719,1000.00045955235,FALSE,FALSE
34.7554257994969,-0.628135106000719,1000.00032293638,FALSE,FALSE
34.7733920229968,-0.628135106000719,1000.00021714209,FALSE,FALSE
34.7913582464966,-0.628135106000719,1000.00011931605,FALSE,FALSE
34.8093244699964,-0.628135106000719,1000.00005346675,FALSE,FALSE
34.8272906934962,-0.628135106000719,1000.00002012533,FALSE,FALSE
34.845256916996,-0.628135106000719,1000.00000658742,FALSE,FALSE
34.8632231404959,-0.628135106000719,1000.00000194117,FALSE,FALSE
34.8811893639957,-0.628135106000719,1000.00000053463,FALSE,FALSE
34.8991555874955,-0.628135106000719,1000.00000014695,FALSE,FALSE
34.9171218109953,-0.628135106000719,1000.00000005206,FALSE,FALSE
34.9350880344952,-0.628135106000719,1000.00000004266,FALSE,FALSE
34.953054257995,-0.628135106000719,1000.00000006584,FALSE,FALSE
34.9710204814948,-0.628135106000719,1000.00000010674,FALSE,FALSE
34.9889867049946,-0.628135106000719,1000.00000015321,FALSE,FALSE
35.0069529284944,-0.628135106000719,1000.00000018815,FALSE,FALSE
35.0249191519943,-0.628135106000719,1000.00000019579,FALSE,FALSE
35.0428853754941,-0.628135106000719,1000.0000001723,FALSE,FALSE
35.0608515989939,-0.628135106000719,1000.00000012861,FALSE,FALSE
35.0788178224937,-0.628135106000719,1000.000000082,FALSE,FALSE
35.0967840459935,-0.628135106000719,1000.00000004512,FALSE,FALSE
34.45,-0.610168882500898,1037.60119164763,FALSE,FALSE
34.4679662234998,-0.610168882500898,1036.19929743348,FALSE,FALSE
34.4859324469996,-0.610168882500898,1062.76477065646,FALSE,FALSE
34.5038986704995,-0.610168882500898,1051.53620630424,FALSE,FALSE
34.5218648939993,-0.610168882500898,1033.83267720956,FALSE,FALSE
34.5398311174991,-0.610168882500898,1019.21627857945,FALSE,FALSE
34.5577973409989,-0.610168882500898,1007.76792529772,FALSE,FALSE
34.5757635644987,-0.610168882500898,1003.27815248854,FALSE,FALSE
34.5937297879986,-0.610168882500898,1002.02919045286,FALSE,FALSE
34.6116960114984,-0.610168882500898,1001.15710834618,FALSE,FALSE
34.6296622349982,-0.610168882500898,1000.69230149229,FALSE,FALSE
34.647628458498,-0.610168882500898,1000.26367013342,FALSE,FALSE
34.6655946819978,-0.610168882500898,1000.06892159726,FALSE,FALSE
34.6835609054977,-0.610168882500898,1000.01521865356,FALSE,FALSE
34.7015271289975,-0.610168882500898,1000.00379903244,FALSE,FALSE
34.7194933524973,-0.610168882500898,1000.00207634963,FALSE,FALSE
34.7374595759971,-0.610168882500898,1000.00204021204,FALSE,FALSE
34.7554257994969,-0.610168882500898,1000.00179851367,FALSE,FALSE
34.7733920229968,-0.610168882500898,1000.00119822553,FALSE,FALSE
34.7913582464966,-0.610168882500898,1000.00060779501,FALSE,FALSE
34.8093244699964,-0.610168882500898,1000.00024513087,FALSE,FALSE
34.8272906934962,-0.610168882500898,1000.00008256532,FALSE,FALSE
34.845256916996,-0.610168882500898,1000.00002433852,FALSE,FALSE
34.8632231404959,-0.610168882500898,1000.00000656741,FALSE,FALSE
34.8811893639957,-0.610168882500898,1000.00000170389,FALSE,FALSE
34.8991555874955,-0.610168882500898,1000.00000046459,FALSE,FALSE
34.9171218109953,-0.610168882500898,1000.00000018809,FALSE,FALSE
34.9350880344952,-0.610168882500898,1000.00000019917,FALSE,FALSE
34.953054257995,-0.610168882500898,1000.00000035003,FALSE,FALSE
34.9710204814948,-0.610168882500898,1000.00000060319,FALSE,FALSE
34.9889867049946,-0.610168882500898,1000.00000089959,FALSE,FALSE
35.0069529284944,-0.610168882500898,1000.00000112873,FALSE,FALSE
35.0249191519943,-0.610168882500898,1000.00000117963,FALSE,FALSE
35.0428853754941,-0.610168882500898,1000.00000102463,FALSE,FALSE
35.0608515989939,-0.610168882500898,1000.00000074275,FALSE,FALSE
35.0788178224937,-0.610168882500898,1000.00000045359,FALSE,FALSE
35.0967840459935,-0.610168882500898,1000.0000002365,FALSE,FALSE
34.45,-0.592202659001078,1107.42974051759,FALSE,FALSE
34.4679662234998,-0.592202659001078,1094.0130297828,FALSE,FALSE
34.4859324469996,-0.592202659001078,1128.73107379602,FALSE,FALSE
34.5038986704995,-0.592202659001078,1090.20430135356,FALSE,FALSE
34.5218648939993,-0.592202659001078,1051.65079691994,FALSE,FALSE
34.5398311174991,-0.592202659001078,1032.77143579867,FALSE,FALSE
34.5577973409989,-0.592202659001078,1010.69502359649,FALSE,FALSE
34.5757635644987,-0.592202659001078,1009.92354001061,FALSE,FALSE
34.5937297879986,-0.592202659001078,1006.57523462985,FALSE,FALSE
34.6116960114984,-0.592202659001078,1001.36422850564,FALSE,FALSE
34.6296622349982,-0.592202659001078,1000.32345428536,FALSE,FALSE
34.647628458498,-0.592202659001078,1000.09298181801,FALSE,FALSE
34.6655946819978,-0.592202659001078,1000.0264010463,FALSE,FALSE
34.6835609054977,-0.592202659001078,1000.00819624387,FALSE,FALSE
34.7015271289975,-0.592202659001078,1000.00606214312,FALSE,FALSE
34.7194933524973,-0.592202659001078,1000.00909598907,FALSE,FALSE
34.7374595759971,-0.592202659001078,1000.01174631815,FALSE,FALSE
34.7554257994969,-0.592202659001078,1000.0105245157,FALSE,FALSE
34.7733920229968,-0.592202659001078,1000.00650685193,FALSE,FALSE
34.7913582464966,-0.592202659001078,1000.00293070909,FALSE,FALSE
34.8093244699964,-0.592202659001078,1000.00103364783,FALSE,FALSE
34.8272906934962,-0.592202659001078,1000.00030582842,FALSE,FALSE
34.845256916996,-0.592202659001078,1000.0000806985,FALSE,FALSE
34.8632231404959,-0.592202659001078,1000.00002015308,FALSE,FALSE
34.8811893639957,-0.592202659001078,1000.00000508404,FALSE,FALSE
34.8991555874955,-0.592202659001078,1000.00000144628,FALSE,FALSE
34.9171218109953,-0.592202659001078,1000.00000070251,FALSE,FALSE
34.9350880344952,-0.592202659001078,1000.00000093392,FALSE,FALSE
34.953054257995,-0.592202659001078,1000.0000018321,FALSE,FALSE
34.9710204814948,-0.592202659001078,1000.00000336744,FALSE,FALSE
34.9889867049946,-0.592202659001078,1000.00000525258,FALSE,FALSE
35.0069529284944,-0.592202659001078,1000.0000067642,FALSE,FALSE
35.0249191519943,-0.592202659001078,1000.00000710629,FALSE,FALSE
35.0428853754941,-0.592202659001078,1000.00000607437,FALSE,FALSE
35.0608515989939,-0.592202659001078,1000.00000424913,FALSE,FALSE
35.0788178224937,-0.592202659001078,1000.00000246382,FALSE,FALSE
35.0967840459935,-0.592202659001078,1000.0000012053,FALSE,FALSE
34.45,-0.574236435501258,1202.17761544552,FALSE,FALSE
34.4679662234998,-0.574236435501258,1164.45646617136,FALSE,FALSE
34.4859324469996,-0.574236435501258,1158.98635617137,FALSE,FALSE
34.5038986704995,-0.574236435501258,1116.42694709249,FALSE,FALSE
34.5218648939993,-0.574236435501258,1078.7613517937,FALSE,FALSE
34.5398311174991,-0.574236435501258,1041.66018573377,FALSE,FALSE
34.5577973409989,-0.574236435501258,1019.57600259598,FALSE,FALSE
34.5757635644987,-0.574236435501258,1011.63453824407,FALSE,FALSE
34.5937297879986,-0.574236435501258,1006.11156065289,FALSE,FALSE
34.6116960114984,-0.574236435501258,1001.34658974425,FALSE,FALSE
34.6296622349982,-0.574236435501258,1000.26430633836,FALSE,FALSE
34.647628458498,-0.574236435501258,1000.05553414322,FALSE,FALSE
34.6655946819978,-0.574236435501258,1000.01450919942,FALSE,FALSE
34.6835609054977,-0.574236435501258,1000.01039599637,FALSE,FALSE
34.7015271289975,-0.574236435501258,1000.02305408856,FALSE,FALSE
34.7194933524973,-0.574236435501258,1000.049202606,FALSE,FALSE
34.7374595759971,-0.574236435501258,1000.07025432997,FALSE,FALSE
34.7554257994969,-0.574236435501258,1000.06133510124,FALSE,FALSE
34.7733920229968,-0.574236435501258,1000.03366863573,FALSE,FALSE
34.7913582464966,-0.574236435501258,1000.0128844368,FALSE,FALSE
34.8093244699964,-0.574236435501258,1000.00385092039,FALSE,FALSE
34.8272906934962,-0.574236435501258,1000.00098713942,FALSE,FALSE
34.845256916996,-0.574236435501258,1000.00023522432,FALSE,FALSE
34.8632231404959,-0.574236435501258,1000.00005656918,FALSE,FALSE
34.8811893639957,-0.574236435501258,1000.00001481978,FALSE,FALSE
34.8991555874955,-0.574236435501258,1000.00000465351,FALSE,FALSE
34.9171218109953,-0.574236435501258,1000.00000270492,FALSE,FALSE
34.9350880344952,-0.574236435501258,1000.00000430231,FALSE,FALSE
34.953054257995,-0.574236435501258,1000.00000934502,FALSE,FALSE
34.9710204814948,-0.574236435501258,1000.00001847475,FALSE,FALSE
34.9889867049946,-0.574236435501258,1000.00003042824,FALSE,FALSE
35.0069529284944,-0.574236435501258,1000.00004047481,FALSE,FALSE
35.0249191519943,-0.574236435501258,1000.00004280146,FALSE,FALSE
35.0428853754941,-0.574236435501258,1000.00003585634,FALSE,FALSE
35.0608515989939,-0.574236435501258,1000.00002399559,FALSE,FALSE
35.0788178224937,-0.574236435501258,1000.00001306076,FALSE,FALSE
35.0967840459935,-0.574236435501258,1000.00000592186,FALSE,FALSE
34.45,-0.556270212001437,1287.50465388191,FALSE,FALSE
34.4679662234998,-0.556270212001437,1197.33913710221,FALSE,FALSE
34.4859324469996,-0.556270212001437,1178.25102108469,FALSE,FALSE
34.5038986704995,-0.556270212001437,1112.0818492611,FALSE,FALSE
34.5218648939993,-0.556270212001437,1089.31718761413,FALSE,FALSE
34.5398311174991,-0.556270212001437,1057.48497050381,FALSE,FALSE
34.5577973409989,-0.556270212001437,1032.29135602553,FALSE,FALSE
34.5757635644987,-0.556270212001437,1018.50091394903,FALSE,FALSE
34.5937297879986,-0.556270212001437,1004.26516595182,FALSE,FALSE
34.6116960114984,-0.556270212001437,1001.00356241443,FALSE,FALSE
34.6296622349982,-0.556270212001437,1000.21902896374,FALSE,FALSE
34.647628458498,-0.556270212001437,1000.0464134612,FALSE,FALSE
34.6655946819978,-0.556270212001437,1000.01498204704,FALSE,FALSE
34.6835609054977,-0.556270212001437,1000.02737613201,FALSE,FALSE
34.7015271289975,-0.556270212001437,1000.09515372116,FALSE,FALSE
34.7194933524973,-0.556270212001437,1000.25866494399,FALSE,FALSE
34.7374595759971,-0.556270212001437,1000.42068468712,FALSE,FALSE
34.7554257994969,-0.556270212001437,1000.34902187469,FALSE,FALSE
34.7733920229968,-0.556270212001437,1000.15853257451,FALSE,FALSE
34.7913582464966,-0.556270212001437,1000.04856275461,FALSE,FALSE
34.8093244699964,-0.556270212001437,1000.01195363461,FALSE,FALSE
34.8272906934962,-0.556270212001437,1000.0026676242,FALSE,FALSE
34.845256916996,-0.556270212001437,1000.00060365648,FALSE,FALSE
34.8632231404959,-0.556270212001437,1000.0001542831,FALSE,FALSE
34.8811893639957,-0.556270212001437,1000.00004584875,FALSE,FALSE
34.8991555874955,-0.556270212001437,1000.00001604688,FALSE,FALSE
34.9171218109953,-0.556270212001437,1000.00001045815,FALSE,FALSE
34.9350880344952,-0.556270212001437,1000.00001905573,FALSE,FALSE
34.953054257995,-0.556270212001437,1000.00004589757,FALSE,FALSE
34.9710204814948,-0.556270212001437,1000.00009887314,FALSE,FALSE
34.9889867049946,-0.556270212001437,1000.00017428046,FALSE,FALSE
35.0069529284944,-0.556270212001437,1000.0002416522,FALSE,FALSE
35.0249191519943,-0.556270212001437,1000.00025772391,FALSE,FALSE
35.0428853754941,-0.556270212001437,1000.00021034898,FALSE,FALSE
35.0608515989939,-0.556270212001437,1000.00013305092,FALSE,FALSE
35.0788178224937,-0.556270212001437,1000.00006695139,FALSE,FALSE
35.0967840459935,-0.556270212001437,1000.00002770489,FALSE,FALSE
34.45,-0.538303988501617,1316.29040137088,FALSE,FALSE
34.4679662234998,-0.538303988501617,1296.81421419555,FALSE,FALSE
34.4859324469996,-0.538303988501617,1200.32643374874,FALSE,FALSE
34.5038986704995,-0.538303988501617,1117.32317487883,FALSE,FALSE
34.5218648939993,-0.538303988501617,1104.02912391047,FALSE,FALSE
34.5398311174991,-0.538303988501617,1059.27206593123,FALSE,FALSE
34.5577973409989,-0.538303988501617,1038.54565566143,FALSE,FALSE
34.5757635644987,-0.538303988501617,1014.66260538678,FALSE,FALSE
34.5937297879986,-0.538303988501617,1004.11244217013,FALSE,FALSE
34.6116960114984,-0.538303988501617,1001.07312418789,FALSE,FALSE
34.6296622349982,-0.538303988501617,1000.2428219707,FALSE,FALSE
34.647628458498,-0.538303988501617,1000.0514943188,FALSE,FALSE
34.6655946819978,-0.538303988501617,1000.02191513959,FALSE,FALSE
34.6835609054977,-0.538303988501617,1000.06745446868,FALSE,FALSE
34.7015271289975,-0.538303988501617,1000.31448917693,FALSE,FALSE
34.7194933524973,-0.538303988501617,1001.19163449574,FALSE,FALSE
34.7374595759971,-0.538303988501617,1002.4999995955,FALSE,FALSE
34.7554257994969,-0.538303988501617,1001.85933282842,FALSE,FALSE
34.7733920229968,-0.538303988501617,1000.6118002781,FALSE,FALSE
34.7913582464966,-0.538303988501617,1000.14087576278,FALSE,FALSE
34.8093244699964,-0.538303988501617,1000.02859130899,FALSE,FALSE
34.8272906934962,-0.538303988501617,1000.00593216027,FALSE,FALSE
34.845256916996,-0.538303988501617,1000.00148604575,FALSE,FALSE
34.8632231404959,-0.538303988501617,1000.00046852995,FALSE,FALSE
34.8811893639957,-0.538303988501617,1000.00016088334,FALSE,FALSE
34.8991555874955,-0.538303988501617,1000.00005832028,FALSE,FALSE
34.9171218109953,-0.538303988501617,1000.00003915848,FALSE,FALSE
34.9350880344952,-0.538303988501617,1000.00007947415,FALSE,FALSE
34.953054257995,-0.538303988501617,1000.00021364389,FALSE,FALSE
34.9710204814948,-0.538303988501617,1000.00051037332,FALSE,FALSE
34.9889867049946,-0.538303988501617,1000.00098135645,FALSE,FALSE
35.0069529284944,-0.538303988501617,1000.00143788666,FALSE,FALSE
35.0249191519943,-0.538303988501617,1000.00155119928,FALSE,FALSE
35.0428853754941,-0.538303988501617,1000.00122250757,FALSE,FALSE
35.0608515989939,-0.538303988501617,1000.00071816244,FALSE,FALSE
35.0788178224937,-0.538303988501617,1000.00032725159,FALSE,FALSE
35.0967840459935,-0.538303988501617,1000.00012123802,FALSE,FALSE
34.45,-0.520337765001797,1284.26573430762,FALSE,FALSE
34.4679662234998,-0.520337765001797,1277.74205745372,FALSE,FALSE
34.4859324469996,-0.520337765001797,1214.64179712492,FALSE,FALSE
34.5038986704995,-0.520337765001797,1141.5980313879,FALSE,FALSE
34.5218648939993,-0.520337765001797,1077.05562797617,FALSE,FALSE
34.5398311174991,-0.520337765001797,1036.17555313721,FALSE,FALSE
34.5577973409989,-0.520337765001797,1031.65726606088,FALSE,FALSE
34.5757635644987,-0.520337765001797,1013.30320287909,FALSE,FALSE
34.5937297879986,-0.520337765001797,1007.26160139544,FALSE,FALSE
34.6116960114984,-0.520337765001797,1001.80477766205,FALSE,FALSE
34.6296622349982,-0.520337765001797,1000.34259295662,FALSE,FALSE
34.647628458498,-0.520337765001797,1000.06441992902,FALSE,FALSE
34.6655946819978,-0.520337765001797,1000.02964920456,FALSE,FALSE
34.6835609054977,-0.520337765001797,1000.11380013107,FALSE,FALSE
34.7015271289975,-0.520337765001797,1000.65383920495,FALSE,FALSE
34.7194933524973,-0.520337765001797,1003.63662318315,FALSE,FALSE
34.7374595759971,-0.520337765001797,1014.21771612889,FALSE,FALSE
34.7554257994969,-0.520337765001797,1007.59436736879,FALSE,FALSE
34.7733920229968,-0.520337765001797,1001.50541819419,FALSE,FALSE
34.7913582464966,-0.520337765001797,1000.26676877114,FALSE,FALSE
34.8093244699964,-0.520337765001797,1000.04964475675,FALSE,FALSE
34.8272906934962,-0.520337765001797,1000.01225428899,FALSE,FALSE
34.845256916996,-0.520337765001797,1000.00442964014,FALSE,FALSE
34.8632231404959,-0.520337765001797,1000.00174623391,FALSE,FALSE
34.8811893639957,-0.520337765001797,1000.00061599768,FALSE,FALSE
34.8991555874955,-0.520337765001797,1000.00020975995,FALSE,FALSE
34.9171218109953,-0.520337765001797,1000.00013791393,FALSE,FALSE
34.9350880344952,-0.520337765001797,1000.00030583215,FALSE,FALSE
34.953054257995,-0.520337765001797,1000.00092153805,FALSE,FALSE
34.9710204814948,-0.520337765001797,1000.00249480855,FALSE,FALSE
34.9889867049946,-0.520337765001797,1000.00537894532,FALSE,FALSE
35.0069529284944,-0.520337765001797,1000.00850850562,FALSE,FALSE
35.0249191519943,-0.520337765001797,1000.00932998091,FALSE,FALSE
35.0428853754941,-0.520337765001797,1000.0069987479,FALSE,FALSE
35.0608515989939,-0.520337765001797,1000.00371859045,FALSE,FALSE
35.0788178224937,-0.520337765001797,1000.00149168802,FALSE,FALSE
35.0967840459935,-0.520337765001797,1000.00048344623,FALSE,FALSE
34.45,-0.502371541501976,1341.24558289208,FALSE,FALSE
34.4679662234998,-0.502371541501976,1230.04665802413,FALSE,FALSE
34.4859324469996,-0.502371541501976,1157.65126400465,FALSE,FALSE
34.5038986704995,-0.502371541501976,1125.65013578406,FALSE,FALSE
34.5218648939993,-0.502371541501976,1054.75606587359,FALSE,FALSE
34.5398311174991,-0.502371541501976,1035.1183499931,FALSE,FALSE
34.5577973409989,-0.502371541501976,1021.07720126367,FALSE,FALSE
34.5757635644987,-0.502371541501976,1011.76123833787,FALSE,FALSE
34.5937297879986,-0.502371541501976,1010.27226940243,FALSE,FALSE
34.6116960114984,-0.502371541501976,1002.01401522669,FALSE,FALSE
34.6296622349982,-0.502371541501976,1000.3515571205,FALSE,FALSE
34.647628458498,-0.502371541501976,1000.06343961933,FALSE,FALSE
34.6655946819978,-0.502371541501976,1000.0292981568,FALSE,FALSE
34.6835609054977,-0.502371541501976,1000.11438986194,FALSE,FALSE
34.7015271289975,-0.502371541501976,1000.65882465948,FALSE,FALSE
34.7194933524973,-0.502371541501976,1003.67635657257,FALSE,FALSE
34.7374595759971,-0.502371541501976,1014.86418883076,FALSE,FALSE
34.7554257994969,-0.502371541501976,1008.30829069782,FALSE,FALSE
34.7733920229968,-0.502371541501976,1001.57826884017,FALSE,FALSE
34.7913582464966,-0.502371541501976,1000.28927743395,FALSE,FALSE
34.8093244699964,-0.502371541501976,1000.07444425293,FALSE,FALSE
34.8272906934962,-0.502371541501976,1000.03556975423,FALSE,FALSE
34.845256916996,-0.502371541501976,1000.01826424956,FALSE,FALSE
34.8632231404959,-0.502371541501976,1000.00727047068,FALSE,FALSE
34.8811893639957,-0.502371541501976,1000.00229681506,FALSE,FALSE
34.8991555874955,-0.502371541501976,1000.0006969096,FALSE,FALSE
34.9171218109953,-0.502371541501976,1000.00045398684,FALSE,FALSE
34.9350880344952,-0.502371541501976,1000.0010694765,FALSE,FALSE
34.953054257995,-0.502371541501976,1000.00356795311,FALSE,FALSE
34.9710204814948,-0.502371541501976,1000.01119347299,FALSE,FALSE
34.9889867049946,-0.502371541501976,1000.02815971024,FALSE,FALSE
35.0069529284944,-0.502371541501976,1000.04984947207,FALSE,FALSE
35.0249191519943,-0.502371541501976,1000.056046913,FALSE,FALSE
35.0428853754941,-0.502371541501976,1000.03902166412,FALSE,FALSE
35.0608515989939,-0.502371541501976,1000.01798524077,FALSE,FALSE
35.0788178224937,-0.502371541501976,1000.00611524377,FALSE,FALSE
35.0967840459935,-0.502371541501976,1000.00169054078,FALSE,FALSE
34.45,-0.484405318002156,1178.94969856076,FALSE,FALSE
34.4679662234998,-0.484405318002156,1138.95372038187,FALSE,FALSE
34.4859324469996,-0.484405318002156,1114.41081984638,FALSE,FALSE
34.5038986704995,-0.484405318002156,1074.96779171268,FALSE,FALSE
34.5218648939993,-0.484405318002156,1046.83828101603,FALSE,FALSE
34.5398311174991,-0.484405318002156,1034.80833347501,FALSE,FALSE
34.5577973409989,-0.484405318002156,1018.98308856935,FALSE,FALSE
34.5757635644987,-0.484405318002156,1006.28486464973,FALSE,FALSE
34.5937297879986,-0.484405318002156,1002.74519997727,FALSE,FALSE
34.6116960114984,-0.484405318002156,1000.89023338755,FALSE,FALSE
34.6296622349982,-0.484405318002156,1000.20161890514,FALSE,FALSE
34.647628458498,-0.484405318002156,1000.04167683633,FALSE,FALSE
34.6655946819978,-0.484405318002156,1000.02003612072,FALSE,FALSE
34.6835609054977,-0.484405318002156,1000.06862195539,FALSE,FALSE
34.7015271289975,-0.484405318002156,1000.323454609,FALSE,FALSE
34.7194933524973,-0.484405318002156,1001.24394555121,FALSE,FALSE
34.7374595759971,-0.484405318002156,1002.71719488441,FALSE,FALSE
34.7554257994969,-0.484405318002156,1002.09005828392,FALSE,FALSE
34.7733920229968,-0.484405318002156,1000.70719493062,FALSE,FALSE
34.7913582464966,-0.484405318002156,1000.24539051616,FALSE,FALSE
34.8093244699964,-0.484405318002156,1000.19890154202,FALSE,FALSE
34.8272906934962,-0.484405318002156,1000.16883711351,FALSE,FALSE
34.845256916996,-0.484405318002156,1000.08556648561,FALSE,FALSE
34.8632231404959,-0.484405318002156,1000.02842629225,FALSE,FALSE
34.8811893639957,-0.484405318002156,1000.00744059733,FALSE,FALSE
34.8991555874955,-0.484405318002156,1000.00203390045,FALSE,FALSE
34.9171218109953,-0.484405318002156,1000.00145371832,FALSE,FALSE
34.9350880344952,-0.484405318002156,1000.00343407524,FALSE,FALSE
34.953054257995,-0.484405318002156,1000.01191871204,FALSE,FALSE
34.9710204814948,-0.484405318002156,1000.04364630011,FALSE,FALSE
34.9889867049946,-0.484405318002156,1000.13527750601,FALSE,FALSE
35.0069529284944,-0.484405318002156,1000.28609642534,FALSE,FALSE
35.0249191519943,-0.484405318002156,1000.33579569328,FALSE,FALSE
35.0428853754941,-0.484405318002156,1000.2064649536,FALSE,FALSE
35.0608515989939,-0.484405318002156,1000.07715232433,FALSE,FALSE
35.0788178224937,-0.484405318002156,1000.02123954631,FALSE,FALSE
35.0967840459935,-0.484405318002156,1000.00490716196,FALSE,FALSE
34.45,-0.466439094502336,1065.47761944051,FALSE,FALSE
34.4679662234998,-0.466439094502336,1053.13364424561,FALSE,FALSE
34.4859324469996,-0.466439094502336,1045.08799913672,FALSE,FALSE
34.5038986704995,-0.466439094502336,1045.77369879823,FALSE,FALSE
34.5218648939993,-0.466439094502336,1034.77302294973,FALSE,FALSE
34.5398311174991,-0.466439094502336,1021.79902557611,FALSE,FALSE
34.5577973409989,-0.466439094502336,1009.90327794916,FALSE,FALSE
34.5757635644987,-0.466439094502336,1002.7251883897,FALSE,FALSE
34.5937297879986,-0.466439094502336,1000.84487926353,FALSE,FALSE
34.6116960114984,-0.466439094502336,1000.27714976911,FALSE,FALSE
34.6296622349982,-0.466439094502336,1000.07713082412,FALSE,FALSE
34.647628458498,-0.466439094502336,1000.01938020227,FALSE,FALSE
34.6655946819978,-0.466439094502336,1000.01032556098,FALSE,FALSE
34.6835609054977,-0.466439094502336,1000.02897885979,FALSE,FALSE
34.7015271289975,-0.466439094502336,1000.10470928602,FALSE,FALSE
34.7194933524973,-0.466439094502336,1000.29033796144,FALSE,FALSE
34.7374595759971,-0.466439094502336,1000.49334184846,FALSE,FALSE
34.7554257994969,-0.466439094502336,1000.44959433846,FALSE,FALSE
34.7733920229968,-0.466439094502336,1000.3098960169,FALSE,FALSE
34.7913582464966,-0.466439094502336,1000.46983584718,FALSE,FALSE
34.8093244699964,-0.466439094502336,1000.99108207879,FALSE,FALSE
34.8272906934962,-0.466439094502336,1000.93006707126,FALSE,FALSE
34.845256916996,-0.466439094502336,1000.35835783473,FALSE,FALSE
34.8632231404959,-0.466439094502336,1000.08868326757,FALSE,FALSE
34.8811893639957,-0.466439094502336,1000.01881320167,FALSE,FALSE
34.8991555874955,-0.466439094502336,1000.00517543477,FALSE,FALSE
34.9171218109953,-0.466439094502336,1000.00499867739,FALSE,FALSE
34.9350880344952,-0.466439094502336,1000.01102417477,FALSE,FALSE
34.953054257995,-0.466439094502336,1000.0336716047,FALSE,FALSE
34.9710204814948,-0.466439094502336,1000.13494628614,FALSE,FALSE
34.9889867049946,-0.466439094502336,1000.54263841406,FALSE,FALSE
35.0069529284944,-0.466439094502336,1001.55564147365,FALSE,FALSE
35.0249191519943,-0.466439094502336,1001.99710465109,FALSE,FALSE
35.0428853754941,-0.466439094502336,1000.96570808352,FALSE,FALSE
35.0608515989939,-0.466439094502336,1000.26416848882,FALSE,FALSE
35.0788178224937,-0.466439094502336,1000.05683077165,FALSE,FALSE
35.0967840459935,-0.466439094502336,1000.01099327383,FALSE,FALSE
34.45,-0.448472871002515,1042.5144335121,FALSE,FALSE
34.4679662234998,-0.448472871002515,1019.40565915169,FALSE,FALSE
34.4859324469996,-0.448472871002515,1015.40869361015,FALSE,FALSE
34.5038986704995,-0.448472871002515,1031.51665884318,FALSE,FALSE
34.5218648939993,-0.448472871002515,1025.50263537125,FALSE,FALSE
34.5398311174991,-0.448472871002515,0,FALSE,TRUE
34.5577973409989,-0.448472871002515,0,FALSE,TRUE
34.5757635644987,-0.448472871002515,1000.9605258924,FALSE,FALSE
34.5937297879986,-0.448472871002515,1000.28161849637,FALSE,FALSE
34.6116960114984,-0.448472871002515,1000.0850700793,FALSE,FALSE
34.6296622349982,-0.448472871002515,1000.02517669445,FALSE,FALSE
34.647628458498,-0.448472871002515,1000.00781999318,FALSE,FALSE
34.6655946819978,-0.448472871002515,1000.00611295355,FALSE,FALSE
34.6835609054977,-0.448472871002515,1000.01548014836,FALSE,FALSE
34.7015271289975,-0.448472871002515,1000.04596503335,FALSE,FALSE
34.7194933524973,-0.448472871002515,1000.12090819117,FALSE,FALSE
34.7374595759971,-0.448472871002515,1000.24862668627,FALSE,FALSE
34.7554257994969,-0.448472871002515,1000.34855515046,FALSE,FALSE
34.7733920229968,-0.448472871002515,1000.42939852555,FALSE,FALSE
34.7913582464966,-0.448472871002515,1001.2570986333,FALSE,FALSE
34.8093244699964,-0.448472871002515,1005.05113644109,FALSE,FALSE
34.8272906934962,-0.448472871002515,1004.5319885128,FALSE,FALSE
34.845256916996,-0.448472871002515,1001.00341520916,FALSE,FALSE
34.8632231404959,-0.448472871002515,1000.18143897534,FALSE,FALSE
34.8811893639957,-0.448472871002515,1000.0336059986,FALSE,FALSE
34.8991555874955,-0.448472871002515,1000.01256999529,FALSE,FALSE
34.9171218109953,-0.448472871002515,1000.01985984156,FALSE,FALSE
34.9350880344952,-0.448472871002515,1000.04166092181,FALSE,FALSE
34.953054257995,-0.448472871002515,1000.09008826079,FALSE,FALSE
34.9710204814948,-0.448472871002515,1000.29704886804,FALSE,FALSE
34.9889867049946,-0.448472871002515,1001.4458943867,FALSE,FALSE
35.0069529284944,-0.448472871002515,1006.81515400447,FALSE,FALSE
35.0249191519943,-0.448472871002515,1011.42191010685,FALSE,FALSE
35.0428853754941,-0.448472871002515,1003.15590150082,FALSE,FALSE
35.0608515989939,-0.448472871002515,1000.58988704297,FALSE,FALSE
35.0788178224937,-0.448472871002515,1000.10282884927,FALSE,FALSE
35.0967840459935,-0.448472871002515,1000.01752437707,FALSE,FALSE
34.45,-0.430506647502695,1007.33392224613,FALSE,FALSE
34.4679662234998,-0.430506647502695,1005.62997383617,FALSE,FALSE
34.4859324469996,-0.430506647502695,1005.70697621893,FALSE,FALSE
34.5038986704995,-0.430506647502695,1009.91519167912,FALSE,FALSE
34.5218648939993,-0.430506647502695,1008.0930080641,FALSE,FALSE
34.5398311174991,-0.430506647502695,1002.86812060542,FALSE,FALSE
34.5577973409989,-0.430506647502695,1000.92355929112,FALSE,FALSE
34.5757635644987,-0.430506647502695,1000.29653099393,FALSE,FALSE
34.5937297879986,-0.430506647502695,1000.08963772831,FALSE,FALSE
34.6116960114984,-0.430506647502695,1000.02656646927,FALSE,FALSE
34.6296622349982,-0.430506647502695,1000.00840275425,FALSE,FALSE
34.647628458498,-0.430506647502695,1000.0049494991,FALSE,FALSE
34.6655946819978,-0.430506647502695,1000.01026261462,FALSE,FALSE
34.6835609054977,-0.430506647502695,1000.02887519745,FALSE,FALSE
34.7015271289975,-0.430506647502695,1000.07973396599,FALSE,FALSE
34.7194933524973,-0.430506647502695,1000.25225036925,FALSE,FALSE
34.7374595759971,-0.430506647502695,1000.81423260034,FALSE,FALSE
34.7554257994969,-0.430506647502695,1001.51727233737,FALSE,FALSE
34.7733920229968,-0.430506647502695,1001.14308044614,FALSE,FALSE
34.7913582464966,-0.430506647502695,1001.611865687,FALSE,FALSE
34.8093244699964,-0.430506647502695,1006.9735387828,FALSE,FALSE
34.8272906934962,-0.430506647502695,1006.06572814574,FALSE,FALSE
34.845256916996,-0.430506647502695,1001.14858991048,FALSE,FALSE
34.8632231404959,-0.430506647502695,1000.20008755237,FALSE,FALSE
34.8811893639957,-0.430506647502695,1000.04236874011,FALSE,FALSE
34.8991555874955,-0.430506647502695,1000.03417842074,FALSE,FALSE
34.9171218109953,-0.430506647502695,1000.08495106726,FALSE,FALSE
34.9350880344952,-0.430506647502695,1000.19321641133,FALSE,FALSE
34.953054257995,-0.430506647502695,1000.31888416458,FALSE,FALSE
34.9710204814948,-0.430506647502695,1000.53060325797,FALSE,FALSE
34.9889867049946,-0.430506647502695,1001.79922687489,FALSE,FALSE
35.0069529284944,-0.430506647502695,1009.20296235899,FALSE,FALSE
35.0249191519943,-0.430506647502695,1018.34215320323,FALSE,FALSE
35.0428853754941,-0.430506647502695,1003.84864405486,FALSE,FALSE
35.0608515989939,-0.430506647502695,1000.66333323265,FALSE,FALSE
35.0788178224937,-0.430506647502695,1000.11175032243,FALSE,FALSE
35.0967840459935,-0.430506647502695,1000.0186954694,FALSE,FALSE
34.45,-0.412540424002875,1001.35875273822,FALSE,FALSE
34.4679662234998,-0.412540424002875,1001.75823398555,FALSE,FALSE
34.4859324469996,-0.412540424002875,1004.46493745502,FALSE,FALSE
34.5038986704995,-0.412540424002875,1010.12284909604,FALSE,FALSE
34.5218648939993,-0.412540424002875,1003.70055080828,FALSE,FALSE
34.5398311174991,-0.412540424002875,1001.09121889332,FALSE,FALSE
34.5577973409989,-0.412540424002875,1000.31708816077,FALSE,FALSE
34.5757635644987,-0.412540424002875,1000.09388357716,FALSE,FALSE
34.5937297879986,-0.412540424002875,1000.02792506924,FALSE,FALSE
34.6116960114984,-0.412540424002875,1000.00850886431,FALSE,FALSE
34.6296622349982,-0.412540424002875,1000.00412291734,FALSE,FALSE
34.647628458498,-0.412540424002875,1000.00874537045,FALSE,FALSE
34.6655946819978,-0.412540424002875,1000.03255598808,FALSE,FALSE
34.6835609054977,-0.412540424002875,1000.1042942188,FALSE,FALSE
34.7015271289975,-0.412540424002875,1000.25337053944,FALSE,FALSE
34.7194933524973,-0.412540424002875,1000.62532556953,FALSE,FALSE
34.7374595759971,-0.412540424002875,1002.56371051636,FALSE,FALSE
34.7554257994969,-0.412540424002875,1008.78911977538,FALSE,FALSE
34.7733920229968,-0.412540424002875,1003.27225866225,FALSE,FALSE
34.7913582464966,-0.412540424002875,1001.12381746615,FALSE,FALSE
34.8093244699964,-0.412540424002875,1001.57653318862,FALSE,FALSE
34.8272906934962,-0.412540424002875,1001.4157555568,FALSE,FALSE
34.845256916996,-0.412540424002875,1000.49697064021,FALSE,FALSE
34.8632231404959,-0.412540424002875,1000.12629847001,FALSE,FALSE
34.8811893639957,-0.412540424002875,1000.05393877697,FALSE,FALSE
34.8991555874955,-0.412540424002875,1000.10198026851,FALSE,FALSE
34.9171218109953,-0.412540424002875,1000.33439878233,FALSE,FALSE
34.9350880344952,-0.412540424002875,1000.942672285,FALSE,FALSE
34.953054257995,-0.412540424002875,1001.59099522106,FALSE,FALSE
34.9710204814948,-0.412540424002875,1001.53964140572,FALSE,FALSE
34.9889867049946,-0.412540424002875,1001.55329852807,FALSE,FALSE
35.0069529284944,-0.412540424002875,1002.81864674225,FALSE,FALSE
35.0249191519943,-0.412540424002875,1003.46876334983,FALSE,FALSE
35.0428853754941,-0.412540424002875,1001.47465534863,FALSE,FALSE
35.0608515989939,-0.412540424002875,1000.35918289271,FALSE,FALSE
35.0788178224937,-0.412540424002875,1000.07183447761,FALSE,FALSE
35.0967840459935,-0.412540424002875,1000.01326713243,FALSE,FALSE
34.45,-0.394574200503054,1000.31974350285,FALSE,FALSE
34.4679662234998,-0.394574200503054,1000.80973442628,FALSE,FALSE
34.4859324469996,-0.394574200503054,1003.31645285892,FALSE,FALSE
34.5038986704995,-0.394574200503054,1007.70531672968,FALSE,FALSE
34.5218648939993,-0.394574200503054,1002.42429814209,FALSE,FALSE
34.5398311174991,-0.394574200503054,1000.54232834341,FALSE,FALSE
34.5577973409989,-0.394574200503054,1000.12932269082,FALSE,FALSE
34.5757635644987,-0.394574200503054,1000.03338027283,FALSE,FALSE
34.5937297879986,-0.394574200503054,1000.00923172398,FALSE,FALSE
34.6116960114984,-0.394574200503054,1000.0032160579,FALSE,FALSE
34.6296622349982,-0.394574200503054,1000.00434725031,FALSE,FALSE
34.647628458498,-0.394574200503054,1000.01950966203,FALSE,FALSE
34.6655946819978,-0.394574200503054,1000.09521746929,FALSE,FALSE
34.6835609054977,-0.394574200503054,1000.39440531316,FALSE,FALSE
34.7015271289975,-0.394574200503054,1001.07755813692,FALSE,FALSE
34.7194933524973,-0.394574200503054,1001.47533368912,FALSE,FALSE
34.7374595759971,-0.394574200503054,1002.72628616042,FALSE,FALSE
34.7554257994969,-0.394574200503054,1007.57585600444,FALSE,FALSE
34.7733920229968,-0.394574200503054,1002.98100632304,FALSE,FALSE
34.7913582464966,-0.394574200503054,1000.70411226638,FALSE,FALSE
34.8093244699964,-0.394574200503054,1000.37981035538,FALSE,FALSE
34.8272906934962,-0.394574200503054,1000.30668059638,FALSE,FALSE
34.845256916996,-0.394574200503054,1000.183655364,FALSE,FALSE
34.8632231404959,-0.394574200503054,1000.11118562268,FALSE,FALSE
34.8811893639957,-0.394574200503054,1000.1224149722,FALSE,FALSE
34.8991555874955,-0.394574200503054,1000.29168026067,FALSE,FALSE
34.9171218109953,-0.394574200503054,1001.0128252774,FALSE,FALSE
34.9350880344952,-0.394574200503054,1003.91928025756,FALSE,FALSE
34.953054257995,-0.394574200503054,1008.48909718276,FALSE,FALSE
34.9710204814948,-0.394574200503054,1006.59395904742,FALSE,FALSE
34.9889867049946,-0.394574200503054,1003.74966148877,FALSE,FALSE
35.0069529284944,-0.394574200503054,1001.55796446184,FALSE,FALSE
35.0249191519943,-0.394574200503054,1000.79893941257,FALSE,FALSE
35.0428853754941,-0.394574200503054,1000.37528691609,FALSE,FALSE
35.0608515989939,-0.394574200503054,1000.12227714353,FALSE,FALSE
35.0788178224937,-0.394574200503054,1000.03072088964,FALSE,FALSE
35.0967840459935,-0.394574200503054,1000.00665670946,FALSE,FALSE
34.45,-0.376607977003234,1000.09376055823,FALSE,FALSE
34.4679662234998,-0.376607977003234,1000.29211591582,FALSE,FALSE
34.4859324469996,-0.376607977003234,1000.86314307058,FALSE,FALSE
34.5038986704995,-0.376607977003234,1001.29637479344,FALSE,FALSE
34.5218648939993,-0.376607977003234,1000.7032233025,FALSE,FALSE
34.5398311174991,-0.376607977003234,1000.21060600467,FALSE,FALSE
34.5577973409989,-0.376607977003234,1000.05244344855,FALSE,FALSE
34.5757635644987,-0.376607977003234,1000.01281456878,FALSE,FALSE
34.5937297879986,-0.376607977003234,1000.00338020519,FALSE,FALSE
34.6116960114984,-0.376607977003234,1000.00175983276,FALSE,FALSE
34.6296622349982,-0.376607977003234,1000.00564733202,FALSE,FALSE
34.647628458498,-0.376607977003234,1000.03211666891,FALSE,FALSE
34.6655946819978,-0.376607977003234,1000.18709258599,FALSE,FALSE
34.6835609054977,-0.376607977003234,1001.05024289381,FALSE,FALSE
34.7015271289975,-0.376607977003234,1004.88525359351,FALSE,FALSE
34.7194933524973,-0.376607977003234,1005.52611818025,FALSE,FALSE
34.7374595759971,-0.376607977003234,1001.89053995148,FALSE,FALSE
34.7554257994969,-0.376607977003234,1001.49663524023,FALSE,FALSE
34.7733920229968,-0.376607977003234,1000.90006876904,FALSE,FALSE
34.7913582464966,-0.376607977003234,1000.36053922115,FALSE,FALSE
34.8093244699964,-0.376607977003234,1000.22464594223,FALSE,FALSE
34.8272906934962,-0.376607977003234,1000.26878283553,FALSE,FALSE
34.845256916996,-0.376607977003234,1000.35359643243,FALSE,FALSE
34.8632231404959,-0.376607977003234,1000.36852827965,FALSE,FALSE
34.8811893639957,-0.376607977003234,1000.42382875123,FALSE,FALSE
34.8991555874955,-0.376607977003234,1000.87674242975,FALSE,FALSE
34.9171218109953,-0.376607977003234,1002.21526243196,FALSE,FALSE
34.9350880344952,-0.376607977003234,1007.64233939864,FALSE,FALSE
34.953054257995,-0.376607977003234,1022.29581164287,FALSE,FALSE
34.9710204814948,-0.376607977003234,1015.05057833271,FALSE,FALSE
34.9889867049946,-0.376607977003234,1012.18739850253,FALSE,FALSE
35.0069529284944,-0.376607977003234,1002.15656674434,FALSE,FALSE
35.0249191519943,-0.376607977003234,1000.44219489326,FALSE,FALSE
35.0428853754941,-0.376607977003234,1000.12248094575,FALSE,FALSE
35.0608515989939,-0.376607977003234,1000.03788080129,FALSE,FALSE
35.0788178224937,-0.376607977003234,1000.01066810809,FALSE,FALSE
35.0967840459935,-0.376607977003234,1000.00264604779,FALSE,FALSE
34.45,-0.358641753503414,1000.0265383068,FALSE,FALSE
34.4679662234998,-0.358641753503414,1000.07521676158,FALSE,FALSE
34.4859324469996,-0.358641753503414,1000.16690598373,FALSE,FALSE
34.5038986704995,-0.358641753503414,1000.21596288812,FALSE,FALSE
34.5218648939993,-0.358641753503414,1000.14481852144,FALSE,FALSE
34.5398311174991,-0.358641753503414,1000.05807332232,FALSE,FALSE
34.5577973409989,-0.358641753503414,1000.01741598192,FALSE,FALSE
34.5757635644987,-0.358641753503414,1000.00460375931,FALSE,FALSE
34.5937297879986,-0.358641753503414,1000.00131095661,FALSE,FALSE
34.6116960114984,-0.358641753503414,1000.00122261519,FALSE,FALSE
34.6296622349982,-0.358641753503414,1000.00563716552,FALSE,FALSE
34.647628458498,-0.358641753503414,800.026554486605,TRUE,FALSE
34.6655946819978,-0.358641753503414,800.157089762634,TRUE,FALSE
34.6835609054977,-0.358641753503414,1001.13672580601,FALSE,FALSE
34.7015271289975,-0.358641753503414,1005.83320920754,FALSE,FALSE
34.7194933524973,-0.358641753503414,1006.56814502056,FALSE,FALSE
34.7374595759971,-0.358641753503414,1001.4995180357,FALSE,FALSE
34.7554257994969,-0.358641753503414,1000.60539792681,FALSE,FALSE
34.7733920229968,-0.358641753503414,1000.54892649735,FALSE,FALSE
34.7913582464966,-0.358641753503414,1000.54002371413,FALSE,FALSE
34.8093244699964,-0.358641753503414,1000.60470593702,FALSE,FALSE
34.8272906934962,-0.358641753503414,1001.05543663218,FALSE,FALSE
34.845256916996,-0.358641753503414,1001.83944215045,FALSE,FALSE
34.8632231404959,-0.358641753503414,1001.83828159413,FALSE,FALSE
34.8811893639957,-0.358641753503414,1001.54464187913,FALSE,FALSE
34.8991555874955,-0.358641753503414,1003.0014375074,FALSE,FALSE
34.9171218109953,-0.358641753503414,1006.76424622417,FALSE,FALSE
34.9350880344952,-0.358641753503414,1007.30277911025,FALSE,FALSE
34.953054257995,-0.358641753503414,1007.48556095504,FALSE,FALSE
34.9710204814948,-0.358641753503414,1006.36661843959,FALSE,FALSE
34.9889867049946,-0.358641753503414,1004.70811759146,FALSE,FALSE
35.0069529284944,-0.358641753503414,1001.36636106493,FALSE,FALSE
35.0249191519943,-0.358641753503414,1000.28598059116,FALSE,FALSE
35.0428853754941,-0.358641753503414,1000.06094679285,FALSE,FALSE
35.0608515989939,-0.358641753503414,1000.0146840007,FALSE,FALSE
35.0788178224937,-0.358641753503414,1000.00381026432,FALSE,FALSE
35.0967840459935,-0.358641753503414,1000.00097329024,FALSE,FALSE
34.45,-0.340675530003593,1000.00659000564,FALSE,FALSE
34.4679662234998,-0.340675530003593,1000.01611252121,FALSE,FALSE
34.4859324469996,-0.340675530003593,1000.02979903887,FALSE,FALSE
34.5038986704995,-0.340675530003593,1000.03591588223,FALSE,FALSE
34.5218648939993,-0.340675530003593,1000.02674710759,FALSE,FALSE
34.5398311174991,-0.340675530003593,1000.01307747004,FALSE,FALSE
34.5577973409989,-0.340675530003593,1000.00473424055,FALSE,FALSE
34.5757635644987,-0.340675530003593,1000.00144039633,FALSE,FALSE
34.5937297879986,-0.340675530003593,1000.00050527603,FALSE,FALSE
34.6116960114984,-0.340675530003593,1000.00079107372,FALSE,FALSE
34.6296622349982,-0.340675530003593,1000.00391637543,FALSE,FALSE
34.647628458498,-0.340675530003593,1000.02115096054,FALSE,FALSE
34.6655946819978,-0.340675530003593,1000.10721650519,FALSE,FALSE
34.6835609054977,-0.340675530003593,1000.46334936024,FALSE,FALSE
34.7015271289975,-0.340675530003593,1001.30495039844,FALSE,FALSE
34.7194933524973,-0.340675530003593,1001.40522201279,FALSE,FALSE
34.7374595759971,-0.340675530003593,1000.70802244288,FALSE,FALSE
34.7554257994969,-0.340675530003593,1000.85994706826,FALSE,FALSE
34.7733920229968,-0.340675530003593,1001.9451547885,FALSE,FALSE
34.7913582464966,-0.340675530003593,1002.37894998865,FALSE,FALSE
34.8093244699964,-0.340675530003593,1002.36323159911,FALSE,FALSE
34.8272906934962,-0.340675530003593,1004.25267424918,FALSE,FALSE
34.845256916996,-0.340675530003593,1009.87522973882,FALSE,FALSE
34.8632231404959,-0.340675530003593,1009.02659187142,FALSE,FALSE
34.8811893639957,-0.340675530003593,1004.97206687126,FALSE,FALSE
34.8991555874955,-0.340675530003593,1007.97521918969,FALSE,FALSE
34.9171218109953,-0.340675530003593,1021.46866389776,FALSE,FALSE
34.9350880344952,-0.340675530003593,1018.13658205186,FALSE,FALSE
34.953054257995,-0.340675530003593,1008.27758291499,FALSE,FALSE
34.9710204814948,-0.340675530003593,1003.21765680327,FALSE,FALSE
34.9889867049946,-0.340675530003593,1001.44959056696,FALSE,FALSE
35.0069529284944,-0.340675530003593,1000.52849603508,FALSE,FALSE
35.0249191519943,-0.340675530003593,1000.14244645304,FALSE,FALSE
35.0428853754941,-0.340675530003593,1000.03290048445,FALSE,FALSE
35.0608515989939,-0.340675530003593,1000.00735152062,FALSE,FALSE
35.0788178224937,-0.340675530003593,1000.00169061579,FALSE,FALSE
35.0967840459935,-0.340675530003593,1000.00040099041,FALSE,FALSE
34.45,-0.322709306503773,1000.00146388842,FALSE,FALSE
34.4679662234998,-0.322709306503773,1000.0031414844,FALSE,FALSE
34.4859324469996,-0.322709306503773,1000.00515937184,FALSE,FALSE
34.5038986704995,-0.322709306503773,1000.0059688624,FALSE,FALSE
34.5218648939993,-0.322709306503773,1000.00472704634,FALSE,FALSE
34.5398311174991,-0.322709306503773,1000.00264111082,FALSE,FALSE
34.5577973409989,-0.322709306503773,1000.001116243,FALSE,FALSE
34.5757635644987,-0.322709306503773,1000.00039641238,FALSE,FALSE
34.5937297879986,-0.322709306503773,1000.00018764215,FALSE,FALSE
34.6116960114984,-0.322709306503773,1000.00041639346,FALSE,FALSE
34.6296622349982,-0.322709306503773,1000.00194831872,FALSE,FALSE
34.647628458498,-0.322709306503773,1000.00904355724,FALSE,FALSE
34.6655946819978,-0.322709306503773,1000.03675957373,FALSE,FALSE
34.6835609054977,-0.322709306503773,1000.11674572703,FALSE,FALSE
34.7015271289975,-0.322709306503773,1000.24158241604,FALSE,FALSE
34.7194933524973,-0.322709306503773,1000.29829761877,FALSE,FALSE
34.7374595759971,-0.322709306503773,1000.46338457894,FALSE,FALSE
34.7554257994969,-0.322709306503773,1001.91300977506,FALSE,FALSE
34.7733920229968,-0.322709306503773,1008.87684133529,FALSE,FALSE
34.7913582464966,-0.322709306503773,1010.57090931256,FALSE,FALSE
34.8093244699964,-0.322709306503773,1008.57545665874,FALSE,FALSE
34.8272906934962,-0.322709306503773,1013.28042957745,FALSE,FALSE
34.845256916996,-0.322709306503773,1032.14745460191,FALSE,FALSE
34.8632231404959,-0.322709306503773,1027.85645461574,FALSE,FALSE
34.8811893639957,-0.322709306503773,1013.86685374747,FALSE,FALSE
34.8991555874955,-0.322709306503773,1018.0605668101,FALSE,FALSE
34.9171218109953,-0.322709306503773,1020.59780604384,FALSE,FALSE
34.9350880344952,-0.322709306503773,1016.69848994613,FALSE,FALSE
34.953054257995,-0.322709306503773,1015.72812193799,FALSE,FALSE
34.9710204814948,-0.322709306503773,1005.51081466427,FALSE,FALSE
34.9889867049946,-0.322709306503773,1001.62114060944,FALSE,FALSE
35.0069529284944,-0.322709306503773,1000.43827723892,FALSE,FALSE
35.0249191519943,-0.322709306503773,1000.10660425394,FALSE,FALSE
35.0428853754941,-0.322709306503773,1000.02392328335,FALSE,FALSE
35.0608515989939,-0.322709306503773,1000.00512729023,FALSE,FALSE
35.0788178224937,-0.322709306503773,1000.00108656543,FALSE,FALSE
35.0967840459935,-0.322709306503773,1000.0002332673,FALSE,FALSE
34.45,-0.304743083003953,1000.00030084327,FALSE,FALSE
34.4679662234998,-0.304743083003953,1000.00058161808,FALSE,FALSE
34.4859324469996,-0.304743083003953,1000.00088013144,FALSE,FALSE
34.5038986704995,-0.304743083003953,1000.00099157486,FALSE,FALSE
34.5218648939993,-0.304743083003953,1000.00081751397,FALSE,FALSE
34.5398311174991,-0.304743083003953,1000.00050166348,FALSE,FALSE
34.5577973409989,-0.304743083003953,1000.00023980304,FALSE,FALSE
34.5757635644987,-0.304743083003953,1000.00009960337,FALSE,FALSE
34.5937297879986,-0.304743083003953,1000.0000660574,FALSE,FALSE
34.6116960114984,-0.304743083003953,1000.00017701552,FALSE,FALSE
34.6296622349982,-0.304743083003953,1000.00074488103,FALSE,FALSE
34.647628458498,-0.304743083003953,1000.00293453035,FALSE,FALSE
34.6655946819978,-0.304743083003953,1000.00978245908,FALSE,FALSE
34.6835609054977,-0.304743083003953,1000.02555181362,FALSE,FALSE
34.7015271289975,-0.304743083003953,1000.05108436157,FALSE,FALSE
34.7194933524973,-0.304743083003953,1000.10650132954,FALSE,FALSE
34.7374595759971,-0.304743083003953,1000.39920485412,FALSE,FALSE
34.7554257994969,-0.304743083003953,1002.06756841326,FALSE,FALSE
34.7733920229968,-0.304743083003953,1009.67367238684,FALSE,FALSE
34.7913582464966,-0.304743083003953,1024.64418705504,FALSE,FALSE
34.8093244699964,-0.304743083003953,1023.1458035861,FALSE,FALSE
34.8272906934962,-0.304743083003953,1030.21937060991,FALSE,FALSE
34.845256916996,-0.304743083003953,1068.98075022293,FALSE,FALSE
34.8632231404959,-0.304743083003953,1059.73092316821,FALSE,FALSE
34.8811893639957,-0.304743083003953,1040.53656810075,FALSE,FALSE
34.8991555874955,-0.304743083003953,1044.94483960686,FALSE,FALSE
34.9171218109953,-0.304743083003953,1032.47360309645,FALSE,FALSE
34.9350880344952,-0.304743083003953,1027.90756465671,FALSE,FALSE
34.953054257995,-0.304743083003953,1029.21297067576,FALSE,FALSE
34.9710204814948,-0.304743083003953,1012.16873473882,FALSE,FALSE
34.9889867049946,-0.304743083003953,1003.57761042859,FALSE,FALSE
35.0069529284944,-0.304743083003953,1000.75102464414,FALSE,FALSE
35.0249191519943,-0.304743083003953,1000.14688259592,FALSE,FALSE
35.0428853754941,-0.304743083003953,1000.02858537502,FALSE,FALSE
35.0608515989939,-0.304743083003953,1000.00562215011,FALSE,FALSE
35.0788178224937,-0.304743083003953,1000.00112157809,FALSE,FALSE
35.0967840459935,-0.304743083003953,1000.0002273273,FALSE,FALSE
34.45,-0.286776859504132,1000.00005864468,FALSE,FALSE
34.4679662234998,-0.286776859504132,1000.00010441414,FALSE,FALSE
34.4859324469996,-0.286776859504132,1000.00014890412,FALSE,FALSE
34.5038986704995,-0.286776859504132,1000.0001646833,FALSE,FALSE
34.5218648939993,-0.286776859504132,1000.00013968435,FALSE,FALSE
34.5398311174991,-0.286776859504132,1000.00009185935,FALSE,FALSE
34.5577973409989,-0.286776859504132,1000.00004856781,FALSE,FALSE
34.5757635644987,-0.286776859504132,1000.00002377094,FALSE,FALSE
34.5937297879986,-0.286776859504132,1000.00002195497,FALSE,FALSE
34.6116960114984,-0.286776859504132,1000.00006375411,FALSE,FALSE
34.6296622349982,-0.286776859504132,1000.00023946152,FALSE,FALSE
34.647628458498,-0.286776859504132,1000.00082350551,FALSE,FALSE
34.6655946819978,-0.286776859504132,1000.00244479638,FALSE,FALSE
34.6835609054977,-0.286776859504132,1000.00637151331,FALSE,FALSE
34.7015271289975,-0.286776859504132,1000.01733600522,FALSE,FALSE
34.7194933524973,-0.286776859504132,1000.06390071226,FALSE,FALSE
34.7374595759971,-0.286776859504132,1000.29496130629,FALSE,FALSE
34.7554257994969,-0.286776859504132,1001.32758321192,FALSE,FALSE
34.7733920229968,-0.286776859504132,1004.88887191536,FALSE,FALSE
34.7913582464966,-0.286776859504132,1012.20364910802,FALSE,FALSE
34.8093244699964,-0.286776859504132,1017.38286330183,FALSE,FALSE
34.8272906934962,-0.286776859504132,1044.43459407627,FALSE,FALSE
34.845256916996,-0.286776859504132,1086.30077291622,FALSE,FALSE
34.8632231404959,-0.286776859504132,1112.41194864195,FALSE,FALSE
34.8811893639957,-0.286776859504132,1099.95724852602,FALSE,FALSE
34.8991555874955,-0.286776859504132,1090.91859143855,FALSE,FALSE
34.9171218109953,-0.286776859504132,1065.04459648362,FALSE,FALSE
34.9350880344952,-0.286776859504132,1069.83709144831,FALSE,FALSE
34.953054257995,-0.286776859504132,1036.3482574582,FALSE,FALSE
34.9710204814948,-0.286776859504132,1024.57278873584,FALSE,FALSE
34.9889867049946,-0.286776859504132,1005.58882087302,FALSE,FALSE
35.0069529284944,-0.286776859504132,1001.05396408754,FALSE,FALSE
35.0249191519943,-0.286776859504132,1000.20096801353,FALSE,FALSE
35.0428853754941,-0.286776859504132,1000.03936454298,FALSE,FALSE
35.0608515989939,-0.286776859504132,1000.00791687592,FALSE,FALSE
35.0788178224937,-0.286776859504132,1000.00162053705,FALSE,FALSE
35.0967840459935,-0.286776859504132,1000.00033554704,FALSE,FALSE
34.45,-0.268810636004312,1000.00001102281,FALSE,FALSE
34.4679662234998,-0.268810636004312,1000.00001838038,FALSE,FALSE
34.4859324469996,-0.268810636004312,1000.00002506491,FALSE,FALSE
34.5038986704995,-0.268810636004312,1000.00002734752,FALSE,FALSE
34.5218648939993,-0.268810636004312,1000.00002369707,FALSE,FALSE
34.5398311174991,-0.268810636004312,1000.00001645707,FALSE,FALSE
34.5577973409989,-0.268810636004312,1000.00000955019,FALSE,FALSE
34.5757635644987,-0.268810636004312,1000.00000576175,FALSE,FALSE
34.5937297879986,-0.268810636004312,1000.00000761027,FALSE,FALSE
34.6116960114984,-0.268810636004312,1000.00002301374,FALSE,FALSE
34.6296622349982,-0.268810636004312,1000.00007904912,FALSE,FALSE
34.647628458498,-0.268810636004312,1000.00025631653,FALSE,FALSE
34.6655946819978,-0.268810636004312,1000.00080198536,FALSE,FALSE
34.6835609054977,-0.268810636004312,1000.00271341021,FALSE,FALSE
34.7015271289975,-0.268810636004312,1000.01111970744,FALSE,FALSE
34.7194933524973,-0.268810636004312,1000.05299505111,FALSE,FALSE
34.7374595759971,-0.268810636004312,1000.26140002974,FALSE,FALSE
34.7554257994969,-0.268810636004312,1001.24793738381,FALSE,FALSE
34.7733920229968,-0.268810636004312,1005.49644452546,FALSE,FALSE
34.7913582464966,-0.268810636004312,1016.36290565218,FALSE,FALSE
34.8093244699964,-0.268810636004312,1022.91618110053,FALSE,FALSE
34.8272906934962,-0.268810636004312,1035.75234283368,FALSE,FALSE
34.845256916996,-0.268810636004312,1068.87528511291,FALSE,FALSE
34.8632231404959,-0.268810636004312,1150.56817420445,FALSE,FALSE
34.8811893639957,-0.268810636004312,1171.26049343278,FALSE,FALSE
34.8991555874955,-0.268810636004312,1117.29932801845,FALSE,FALSE
34.9171218109953,-0.268810636004312,1081.78272848257,FALSE,FALSE
34.9350880344952,-0.268810636004312,1080.07763587191,FALSE,FALSE
34.953054257995,-0.268810636004312,1059.99157451127,FALSE,FALSE
34.9710204814948,-0.268810636004312,1018.55792732673,FALSE,FALSE
34.9889867049946,-0.268810636004312,1005.08152339499,FALSE,FALSE
35.0069529284944,-0.268810636004312,1001.20101465291,FALSE,FALSE
35.0249191519943,-0.268810636004312,1000.27182362865,FALSE,FALSE
35.0428853754941,-0.268810636004312,1000.0609944816,FALSE,FALSE
35.0608515989939,-0.268810636004312,1000.0134682601,FALSE,FALSE
35.0788178224937,-0.268810636004312,1000.00292245491,FALSE,FALSE
35.0967840459935,-0.268810636004312,1000.00063161135,FALSE,FALSE
34.45,-0.250844412504492,1000.00000201908,FALSE,FALSE
34.4679662234998,-0.250844412504492,1000.00000319321,FALSE,FALSE
34.4859324469996,-0.250844412504492,1000.00000420568,FALSE,FALSE
34.5038986704995,-0.250844412504492,1000.0000045435,FALSE,FALSE
34.5218648939993,-0.250844412504492,1000.00000401294,FALSE,FALSE
34.5398311174991,-0.250844412504492,1000.0000029549,FALSE,FALSE
34.5577973409989,-0.250844412504492,1000.00000203926,FALSE,FALSE
34.5757635644987,-0.250844412504492,1000.00000215029,FALSE,FALSE
34.5937297879986,-0.250844412504492,1000.00000524864,FALSE,FALSE
34.6116960114984,-0.250844412504492,1000.00001755084,FALSE,FALSE
34.6296622349982,-0.250844412504492,1000.00005878224,FALSE,FALSE
34.647628458498,-0.250844412504492,1000.00019195533,FALSE,FALSE
34.6655946819978,-0.250844412504492,1000.00064842081,FALSE,FALSE
34.6835609054977,-0.250844412504492,1000.00248191675,FALSE,FALSE
34.7015271289975,-0.250844412504492,1000.01117144416,FALSE,FALSE
34.7194933524973,-0.250844412504492,1000.055886793,FALSE,FALSE
34.7374595759971,-0.250844412504492,1000.28794776948,FALSE,FALSE
34.7554257994969,-0.250844412504492,1001.45854028201,FALSE,FALSE
34.7733920229968,-0.250844412504492,1007.10230571336,FALSE,FALSE
34.7913582464966,-0.250844412504492,1025.27027097634,FALSE,FALSE
34.8093244699964,-0.250844412504492,1024.09771679227,FALSE,FALSE
34.8272906934962,-0.250844412504492,831.563087069409,TRUE,FALSE
34.845256916996,-0.250844412504492,902.827091698116,TRUE,FALSE
34.8632231404959,-0.250844412504492,1171.86950763189,FALSE,FALSE
34.8811893639957,-0.250844412504492,1240.33811720041,FALSE,FALSE
34.8991555874955,-0.250844412504492,1169.8460723757,FALSE,FALSE
34.9171218109953,-0.250844412504492,1139.99589852728,FALSE,FALSE
34.9350880344952,-0.250844412504492,1124.79500590313,FALSE,FALSE
34.953054257995,-0.250844412504492,1079.86410743979,FALSE,FALSE
34.9710204814948,-0.250844412504492,1027.85208373294,FALSE,FALSE
34.9889867049946,-0.250844412504492,1007.33652709079,FALSE,FALSE
35.0069529284944,-0.250844412504492,1001.95426006823,FALSE,FALSE
35.0249191519943,-0.250844412504492,1000.50923544684,FALSE,FALSE
35.0428853754941,-0.250844412504492,1000.12285442498,FALSE,FALSE
35.0608515989939,-0.250844412504492,1000.02764967402,FALSE,FALSE
35.0788178224937,-0.250844412504492,1000.00606937838,FALSE,FALSE
35.0967840459935,-0.250844412504492,1000.00135610921,FALSE,FALSE
34.45,-0.232878189004671,1000.00000036301,FALSE,FALSE
34.4679662234998,-0.232878189004671,1000.00000054988,FALSE,FALSE
34.4859324469996,-0.232878189004671,1000.00000070532,FALSE,FALSE
34.5038986704995,-0.232878189004671,1000.00000076096,FALSE,FALSE
34.5218648939993,-0.232878189004671,1000.00000070644,FALSE,FALSE
34.5398311174991,-0.232878189004671,1000.00000065726,FALSE,FALSE
34.5577973409989,-0.232878189004671,1000.00000100085,FALSE,FALSE
34.5757635644987,-0.232878189004671,1000.00000304265,FALSE,FALSE
34.5937297879986,-0.232878189004671,1000.00001149123,FALSE,FALSE
34.6116960114984,-0.232878189004671,1000.00004267226,FALSE,FALSE
34.6296622349982,-0.232878189004671,1000.00014873401,FALSE,FALSE
34.647628458498,-0.232878189004671,1000.00048283104,FALSE,FALSE
34.6655946819978,-0.232878189004671,1000.00148054755,FALSE,FALSE
34.6835609054977,-0.232878189004671,1000.00454774761,FALSE,FALSE
34.7015271289975,-0.232878189004671,1000.01573532131,FALSE,FALSE
34.7194933524973,-0.232878189004671,1000.06690247125,FALSE,FALSE
34.7374595759971,-0.232878189004671,1000.33005287632,FALSE,FALSE
34.7554257994969,-0.232878189004671,1001.65500877329,FALSE,FALSE
34.7733920229968,-0.232878189004671,1007.02493766446,FALSE,FALSE
34.7913582464966,-0.232878189004671,1018.2697528838,FALSE,FALSE
34.8093244699964,-0.232878189004671,1023.01592891086,FALSE,FALSE
34.8272906934962,-0.232878189004671,832.801716138375,TRUE,FALSE
34.845256916996,-0.232878189004671,1109.05840327802,FALSE,FALSE
34.8632231404959,-0.232878189004671,1159.20325460741,FALSE,FALSE
34.8811893639957,-0.232878189004671,1200.1783394406,FALSE,FALSE
34.8991555874955,-0.232878189004671,1219.19491990459,FALSE,FALSE
34.9171218109953,-0.232878189004671,1226.93577319527,FALSE,FALSE
34.9350880344952,-0.232878189004671,1181.50974631342,FALSE,FALSE
34.953054257995,-0.232878189004671,1093.62317971109,FALSE,FALSE
34.9710204814948,-0.232878189004671,1044.65977857228,FALSE,FALSE
34.9889867049946,-0.232878189004671,1014.97174313765,FALSE,FALSE
35.0069529284944,-0.232878189004671,1004.6604231931,FALSE,FALSE
35.0249191519943,-0.232878189004671,1001.22453706376,FALSE,FALSE
35.0428853754941,-0.232878189004671,1000.27392533724,FALSE,FALSE
35.0608515989939,-0.232878189004671,1000.05872818232,FALSE,FALSE
35.0788178224937,-0.232878189004671,1000.01319831559,FALSE,FALSE
35.0967840459935,-0.232878189004671,1000.00317512674,FALSE,FALSE
34.45,-0.214911965504851,1000.00000006445,FALSE,FALSE
34.4679662234998,-0.214911965504851,1000.00000009458,FALSE,FALSE
34.4859324469996,-0.214911965504851,1000.00000012081,FALSE,FALSE
34.5038986704995,-0.214911965504851,1000.00000014128,FALSE,FALSE
34.5218648939993,-0.214911965504851,1000.0000001925,FALSE,FALSE
34.5398311174991,-0.214911965504851,1000.00000046901,FALSE,FALSE
34.5577973409989,-0.214911965504851,1000.00000183412,FALSE,FALSE
34.5757635644987,-0.214911965504851,1000.00000797059,FALSE,FALSE
34.5937297879986,-0.214911965504851,1000.00003382179,FALSE,FALSE
34.6116960114984,-0.214911965504851,1000.00013585867,FALSE,FALSE
34.6296622349982,-0.214911965504851,1000.00050850914,FALSE,FALSE
34.647628458498,-0.214911965504851,1000.00174483322,FALSE,FALSE
34.6655946819978,-0.214911965504851,1000.0053939924,FALSE,FALSE
34.6835609054977,-0.214911965504851,1000.01489208608,FALSE,FALSE
34.7015271289975,-0.214911965504851,1000.03805191954,FALSE,FALSE
34.7194933524973,-0.214911965504851,1000.10443022313,FALSE,FALSE
34.7374595759971,-0.214911965504851,1000.37948069366,FALSE,FALSE
34.7554257994969,-0.214911965504851,1001.80859281786,FALSE,FALSE
34.7733920229968,-0.214911965504851,1009.5372062988,FALSE,FALSE
34.7913582464966,-0.214911965504851,1020.36692468498,FALSE,FALSE
34.8093244699964,-0.214911965504851,1036.35014005459,FALSE,FALSE
34.8272906934962,-0.214911965504851,1061.57166028541,FALSE,FALSE
34.845256916996,-0.214911965504851,1104.73075432776,FALSE,FALSE
34.8632231404959,-0.214911965504851,1121.89902344506,FALSE,FALSE
34.8811893639957,-0.214911965504851,1130.44756682527,FALSE,FALSE
34.8991555874955,-0.214911965504851,1224.30594035085,FALSE,FALSE
34.9171218109953,-0.214911965504851,1249.06492429346,FALSE,FALSE
34.9350880344952,-0.214911965504851,1175.13988835602,FALSE,FALSE
34.953054257995,-0.214911965504851,1130.98055270407,FALSE,FALSE
34.9710204814948,-0.214911965504851,1075.59829713852,FALSE,FALSE
34.9889867049946,-0.214911965504851,1032.12684777479,FALSE,FALSE
35.0069529284944,-0.214911965504851,1012.36254152378,FALSE,FALSE
35.0249191519943,-0.214911965504851,1002.61392333853,FALSE,FALSE
35.0428853754941,-0.214911965504851,1000.52438280546,FALSE,FALSE
35.0608515989939,-0.214911965504851,1000.11864758033,FALSE,FALSE
35.0788178224937,-0.214911965504851,1000.03104874876,FALSE,FALSE
35.0967840459935,-0.214911965504851,1000.00833889082,FALSE,FALSE
34.45,-0.19694574200503,1000.0000000115,FALSE,FALSE
34.4679662234998,-0.19694574200503,1000.00000001718,FALSE,FALSE
34.4859324469996,-0.19694574200503,1000.00000002605,FALSE,FALSE
34.5038986704995,-0.19694574200503,1000.00000005453,FALSE,FALSE
34.5218648939993,-0.19694574200503,1000.0000001933,FALSE,FALSE
34.5398311174991,-0.19694574200503,1000.00000089606,FALSE,FALSE
34.5577973409989,-0.19694574200503,1000.00000434531,FALSE,FALSE
34.5757635644987,-0.19694574200503,1000.00002064331,FALSE,FALSE
34.5937297879986,-0.19694574200503,1000.00009432717,FALSE,FALSE
34.6116960114984,-0.19694574200503,1000.00040976,FALSE,FALSE
34.6296622349982,-0.19694574200503,1000.00166972882,FALSE,FALSE
34.647628458498,-0.19694574200503,1000.00627089149,FALSE,FALSE
34.6655946819978,-0.19694574200503,1000.02118013489,FALSE,FALSE
34.6835609054977,-0.19694574200503,1000.06217104204,FALSE,FALSE
34.7015271289975,-0.19694574200503,1000.15271091698,FALSE,FALSE
34.7194933524973,-0.19694574200503,1000.31398639083,FALSE,FALSE
34.7374595759971,-0.19694574200503,1000.61829348231,FALSE,FALSE
34.7554257994969,-0.19694574200503,1001.53157894775,FALSE,FALSE
34.7733920229968,-0.19694574200503,1004.79496544066,FALSE,FALSE
34.7913582464966,-0.19694574200503,1014.71344054983,FALSE,FALSE
34.8093244699964,-0.19694574200503,1039.39732341554,FALSE,FALSE
34.8272906934962,-0.19694574200503,1057.67591628937,FALSE,FALSE
34.845256916996,-0.19694574200503,1108.14853422254,FALSE,FALSE
34.8632231404959,-0.19694574200503,1119.82456326738,FALSE,FALSE
34.8811893639957,-0.19694574200503,1150.68705368887,FALSE,FALSE
34.8991555874955,-0.19694574200503,1182.36537547035,FALSE,FALSE
34.9171218109953,-0.19694574200503,1221.12733597572,FALSE,FALSE
34.9350880344952,-0.19694574200503,1230.36932478195,FALSE,FALSE
34.953054257995,-0.19694574200503,1164.58466871045,FALSE,FALSE
34.9710204814948,-0.19694574200503,1086.02753656155,FALSE,FALSE
34.9889867049946,-0.19694574200503,1037.62814265515,FALSE,FALSE
35.0069529284944,-0.19694574200503,1016.69426972447,FALSE,FALSE
35.0249191519943,-0.19694574200503,1003.50902963104,FALSE,FALSE
35.0428853754941,-0.19694574200503,1000.8638503401,FALSE,FALSE
35.0608515989939,-0.19694574200503,1000.27978931474,FALSE,FALSE
35.0788178224937,-0.19694574200503,1000.08869670281,FALSE,FALSE
35.0967840459935,-0.19694574200503,1000.02375569841,FALSE,FALSE
34.45,-0.17897951850521,1000.00000000234,FALSE,FALSE
34.4679662234998,-0.17897951850521,1000.00000000483,FALSE,FALSE
34.4859324469996,-0.17897951850521,1000.00000001502,FALSE,FALSE
34.5038986704995,-0.17897951850521,1000.00000006762,FALSE,FALSE
34.5218648939993,-0.17897951850521,1000.0000003489,FALSE,FALSE
34.5398311174991,-0.17897951850521,1000.00000183434,FALSE,FALSE
34.5577973409989,-0.17897951850521,1000.00000950937,FALSE,FALSE
34.5757635644987,-0.17897951850521,1000.00004809436,FALSE,FALSE
34.5937297879986,-0.17897951850521,1000.00023548301,FALSE,FALSE
34.6116960114984,-0.17897951850521,1000.0011059512,FALSE,FALSE
34.6296622349982,-0.17897951850521,1000.00492201766,FALSE,FALSE
34.647628458498,-0.17897951850521,1000.02042451214,FALSE,FALSE
34.6655946819978,-0.17897951850521,1000.07726493192,FALSE,FALSE
34.6835609054977,-0.17897951850521,1000.2570647994,FALSE,FALSE
34.7015271289975,-0.17897951850521,1000.70647025843,FALSE,FALSE
34.7194933524973,-0.17897951850521,1001.48273326265,FALSE,FALSE
34.7374595759971,-0.17897951850521,1002.37896313075,FALSE,FALSE
34.7554257994969,-0.17897951850521,1003.26601094154,FALSE,FALSE
34.7733920229968,-0.17897951850521,1004.52510957013,FALSE,FALSE
34.7913582464966,-0.17897951850521,1008.67174623613,FALSE,FALSE
34.8093244699964,-0.17897951850521,1022.25593358816,FALSE,FALSE
34.8272906934962,-0.17897951850521,1065.52811605062,FALSE,FALSE
34.845256916996,-0.17897951850521,859.274811214033,TRUE,FALSE
34.8632231404959,-0.17897951850521,903.99197637124,TRUE,FALSE
34.8811893639957,-0.17897951850521,1164.82565588869,FALSE,FALSE
34.8991555874955,-0.17897951850521,1176.35494218815,FALSE,FALSE
34.9171218109953,-0.17897951850521,1199.88493141831,FALSE,FALSE
34.9350880344952,-0.17897951850521,1183.74428792699,FALSE,FALSE
34.953054257995,-0.17897951850521,1130.92669643374,FALSE,FALSE
34.9710204814948,-0.17897951850521,1078.72956884012,FALSE,FALSE
34.9889867049946,-0.17897951850521,1038.08366604709,FALSE,FALSE
35.0069529284944,-0.17897951850521,1012.61296423215,FALSE,FALSE
35.0249191519943,-0.17897951850521,1004.35601685465,FALSE,FALSE
35.0428853754941,-0.17897951850521,1002.05466098366,FALSE,FALSE
35.0608515989939,-0.17897951850521,1000.9508017513,FALSE,FALSE
35.0788178224937,-0.17897951850521,1000.2715008069,FALSE,FALSE
35.0967840459935,-0.17897951850521,1000.06166776628,FALSE,FALSE
34.45,-0.16101329500539,1000.00000000094,FALSE,FALSE
34.4679662234998,-0.16101329500539,1000.00000000388,FALSE,FALSE
34.4859324469996,-0.16101329500539,1000.00000001998,FALSE,FALSE
34.5038986704995,-0.16101329500539,1000.00000011024,FALSE,FALSE
34.5218648939993,-0.16101329500539,1000.00000061339,FALSE,FALSE
34.5398311174991,-0.16101329500539,1000.00000338583,FALSE,FALSE
34.5577973409989,-0.16101329500539,1000.00001843221,FALSE,FALSE
34.5757635644987,-0.16101329500539,1000.00009852745,FALSE,FALSE
34.5937297879986,-0.16101329500539,1000.00051432724,FALSE,FALSE
34.6116960114984,-0.16101329500539,1000.00260215568,FALSE,FALSE
34.6296622349982,-0.16101329500539,1000.012623025,FALSE,FALSE
34.647628458498,-0.16101329500539,1000.05783551801,FALSE,FALSE
34.6655946819978,-0.16101329500539,1000.24536210079,FALSE,FALSE
34.6835609054977,-0.16101329500539,1000.93902330597,FALSE,FALSE
34.7015271289975,-0.16101329500539,1003.07348809877,FALSE,FALSE
34.7194933524973,-0.16101329500539,1007.46159551619,FALSE,FALSE
34.7374595759971,-0.16101329500539,1012.13549826073,FALSE,FALSE
34.7554257994969,-0.16101329500539,1015.72186898901,FALSE,FALSE
34.7733920229968,-0.16101329500539,1015.77110883977,FALSE,FALSE
34.7913582464966,-0.16101329500539,1014.0937230822,FALSE,FALSE
34.8093244699964,-0.16101329500539,1024.30649667321,FALSE,FALSE
34.8272906934962,-0.16101329500539,1029.57801198185,FALSE,FALSE
34.845256916996,-0.16101329500539,847.478076694571,TRUE,FALSE
34.8632231404959,-0.16101329500539,876.048116718805,TRUE,FALSE
34.8811893639957,-0.16101329500539,1138.5040297443,FALSE,FALSE
34.8991555874955,-0.16101329500539,1153.51717131522,FALSE,FALSE
34.9171218109953,-0.16101329500539,1183.54916380145,FALSE,FALSE
34.9350880344952,-0.16101329500539,1199.31933098708,FALSE,FALSE
34.953054257995,-0.16101329500539,1098.69279802262,FALSE,FALSE
34.9710204814948,-0.16101329500539,1057.52731572956,FALSE,FALSE
34.9889867049946,-0.16101329500539,1033.89609502577,FALSE,FALSE
35.0069529284944,-0.16101329500539,1023.48424367021,FALSE,FALSE
35.0249191519943,-0.16101329500539,1007.8458265164,FALSE,FALSE
35.0428853754941,-0.16101329500539,1008.44078657743,FALSE,FALSE
35.0608515989939,-0.16101329500539,1003.13010396858,FALSE,FALSE
35.0788178224937,-0.16101329500539,1000.60868981404,FALSE,FALSE
35.0967840459935,-0.16101329500539,1000.12328992599,FALSE,FALSE
34.45,-0.14304707150557,1000.00000000091,FALSE,FALSE
34.4679662234998,-0.14304707150557,0,FALSE,TRUE
34.4859324469996,-0.14304707150557,0,FALSE,TRUE
34.5038986704995,-0.14304707150557,1000.00000016739,FALSE,FALSE
34.5218648939993,-0.14304707150557,1000.00000096331,FALSE,FALSE
34.5398311174991,-0.14304707150557,1000.00000550588,FALSE,FALSE
34.5577973409989,-0.14304707150557,1000.0000311885,FALSE,FALSE
34.5757635644987,-0.14304707150557,1000.0001746458,FALSE,FALSE
34.5937297879986,-0.14304707150557,1000.00096333297,FALSE,FALSE
34.6116960114984,-0.14304707150557,1000.00520688852,FALSE,FALSE
34.6296622349982,-0.14304707150557,1000.02735540939,FALSE,FALSE
34.647628458498,-0.14304707150557,1000.1378640049,FALSE,FALSE
34.6655946819978,-0.14304707150557,1000.65238432208,FALSE,FALSE
34.6835609054977,-0.14304707150557,1002.81815128527,FALSE,FALSE
34.7015271289975,-0.14304707150557,1010.94909741828,FALSE,FALSE
34.7194933524973,-0.14304707150557,1035.23859366872,FALSE,FALSE
34.7374595759971,-0.14304707150557,1058.20321722542,FALSE,FALSE
34.7554257994969,-0.14304707150557,1081.24272474767,FALSE,FALSE
34.7733920229968,-0.14304707150557,1078.10486335368,FALSE,FALSE
34.7913582464966,-0.14304707150557,1048.44953571604,FALSE,FALSE
34.8093244699964,-0.14304707150557,1022.77355231368,FALSE,FALSE
34.8272906934962,-0.14304707150557,1015.52254835091,FALSE,FALSE
34.845256916996,-0.14304707150557,1030.56258692562,FALSE,FALSE
34.8632231404959,-0.14304707150557,1055.86710976422,FALSE,FALSE
34.8811893639957,-0.14304707150557,1096.64206362681,FALSE,FALSE
34.8991555874955,-0.14304707150557,1156.97704246736,FALSE,FALSE
34.9171218109953,-0.14304707150557,1152.91934636343,FALSE,FALSE
34.9350880344952,-0.14304707150557,1168.59857825176,FALSE,FALSE
34.953054257995,-0.14304707150557,1121.83927279604,FALSE,FALSE
34.9710204814948,-0.14304707150557,1052.96058565844,FALSE,FALSE
34.9889867049946,-0.14304707150557,1037.90016892868,FALSE,FALSE
35.0069529284944,-0.14304707150557,1013.78998571809,FALSE,FALSE
35.0249191519943,-0.14304707150557,1006.50076454812,FALSE,FALSE
35.0428853754941,-0.14304707150557,1009.61905412301,FALSE,FALSE
35.0608515989939,-0.14304707150557,1003.40718355573,FALSE,FALSE
35.0788178224937,-0.14304707150557,1000.73099180437,FALSE,FALSE
35.0967840459935,-0.14304707150557,1000.22992529352,FALSE,FALSE
34.45,-0.125080848005749,0,FALSE,TRUE
34.4679662234998,-0.125080848005749,0,FALSE,TRUE
34.4859324469996,-0.125080848005749,0,FALSE,TRUE
34.5038986704995,-0.125080848005749,0,FALSE,TRUE
34.5218648939993,-0.125080848005749,1000.00000133398,FALSE,FALSE
34.5398311174991,-0.125080848005749,1000.00000781896,FALSE,FALSE
34.5577973409989,-0.125080848005749,1000.00004560571,FALSE,FALSE
34.5757635644987,-0.125080848005749,1000.00026434159,FALSE,FALSE
34.5937297879986,-0.125080848005749,1000.00151969596,FALSE,FALSE
34.6116960114984,-0.125080848005749,1000.00864141131,FALSE,FALSE
34.6296622349982,-0.125080848005749,1000.04839370579,FALSE,FALSE
34.647628458498,-0.125080848005749,1000.26497397318,FALSE,FALSE
34.6655946819978,-0.125080848005749,1001.39751887652,FALSE,FALSE
34.6835609054977,-0.125080848005749,1006.82313346438,FALSE,FALSE
34.7015271289975,-0.125080848005749,1028.18063391314,FALSE,FALSE
34.7194933524973,-0.125080848005749,1103.90930705248,FALSE,FALSE
34.7374595759971,-0.125080848005749,1222.91019134499,FALSE,FALSE
34.7554257994969,-0.125080848005749,1325.2164891767,FALSE,FALSE
34.7733920229968,-0.125080848005749,1315.16869882409,FALSE,FALSE
34.7913582464966,-0.125080848005749,1159.33802110119,FALSE,FALSE
34.8093244699964,-0.125080848005749,1044.1175191014,FALSE,FALSE
34.8272906934962,-0.125080848005749,1013.06076949875,FALSE,FALSE
34.845256916996,-0.125080848005749,1010.22205137184,FALSE,FALSE
34.8632231404959,-0.125080848005749,1018.04586374589,FALSE,FALSE
34.8811893639957,-0.125080848005749,1037.29690621123,FALSE,FALSE
34.8991555874955,-0.125080848005749,1073.18560928821,FALSE,FALSE
34.9171218109953,-0.125080848005749,1094.26766680359,FALSE,FALSE
34.9350880344952,-0.125080848005749,1123.37968215904,FALSE,FALSE
34.953054257995,-0.125080848005749,1071.28847949444,FALSE,FALSE
34.9710204814948,-0.125080848005749,1033.75963586342,FALSE,FALSE
34.9889867049946,-0.125080848005749,1023.57585288719,FALSE,FALSE
35.0069529284944,-0.125080848005749,1009.01258469903,FALSE,FALSE
35.0249191519943,-0.125080848005749,1003.80216917316,FALSE,FALSE
35.0428853754941,-0.125080848005749,1002.24939818755,FALSE,FALSE
35.0608515989939,-0.125080848005749,1001.33668686296,FALSE,FALSE
35.0788178224937,-0.125080848005749,1000.98234453368,FALSE,FALSE
35.0967840459935,-0.125080848005749,1000.79130673136,FALSE,FALSE
34.45,-0.107114624505929,0,FALSE,TRUE
34.4679662234998,-0.107114624505929,0,FALSE,TRUE
34.4859324469996,-0.107114624505929,0,FALSE,TRUE
34.5038986704995,-0.107114624505929,0,FALSE,TRUE
34.5218648939993,-0.107114624505929,0,FALSE,TRUE
34.5398311174991,-0.107114624505929,1000.00000964796,FALSE,FALSE
34.5577973409989,-0.107114624505929,1000.00005727065,FALSE,FALSE
34.5757635644987,-0.107114624505929,1000.00033885853,FALSE,FALSE
34.5937297879986,-0.107114624505929,1000.00199626349,FALSE,FALSE
34.6116960114984,-0.107114624505929,1000.01169030637,FALSE,FALSE
34.6296622349982,-0.107114624505929,1000.06788457615,FALSE,FALSE
34.647628458498,-0.107114624505929,1000.38939284302,FALSE,FALSE
34.6655946819978,-0.107114624505929,1002.19325353624,FALSE,FALSE
34.6835609054977,-0.107114624505929,1012.02663309677,FALSE,FALSE
34.7015271289975,-0.107114624505929,1062.04008541541,FALSE,FALSE
34.7194933524973,-0.107114624505929,1190.88931372898,FALSE,FALSE
34.7374595759971,-0.107114624505929,1474.42113522839,FALSE,FALSE
34.7554257994969,-0.107114624505929,1772.22113266194,FALSE,FALSE
34.7733920229968,-0.107114624505929,1650.24102153694,FALSE,FALSE
34.7913582464966,-0.107114624505929,1296.88375140639,FALSE,FALSE
34.8093244699964,-0.107114624505929,1081.06669546379,FALSE,FALSE
34.8272906934962,-0.107114624505929,1018.87689379385,FALSE,FALSE
34.845256916996,-0.107114624505929,1005.703551239,FALSE,FALSE
34.8632231404959,-0.107114624505929,1005.9300550752,FALSE,FALSE
34.8811893639957,-0.107114624505929,1014.43901308262,FALSE,FALSE
34.8991555874955,-0.107114624505929,1034.60431901137,FALSE,FALSE
34.9171218109953,-0.107114624505929,1051.30362156064,FALSE,FALSE
34.9350880344952,-0.107114624505929,1061.40538568027,FALSE,FALSE
34.953054257995,-0.107114624505929,1032.88221839221,FALSE,FALSE
34.9710204814948,-0.107114624505929,1012.67503856431,FALSE,FALSE
34.9889867049946,-0.107114624505929,1009.20509022326,FALSE,FALSE
35.0069529284944,-0.107114624505929,1019.92695508202,FALSE,FALSE
35.0249191519943,-0.107114624505929,1004.11288526085,FALSE,FALSE
35.0428853754941,-0.107114624505929,1001.10902403594,FALSE,FALSE
35.0608515989939,-0.107114624505929,1001.17686445972,FALSE,FALSE
35.0788178224937,-0.107114624505929,1003.62617221626,FALSE,FALSE
35.0967840459935,-0.107114624505929,1003.95891426096,FALSE,FALSE
34.45,-0.0891484010061084,0,FALSE,TRUE
34.4679662234998,-0.0891484010061084,0,FALSE,TRUE
34.4859324469996,-0.0891484010061084,0,FALSE,TRUE
34.5038986704995,-0.0891484010061084,0,FALSE,TRUE
34.5218648939993,-0.0891484010061084,0,FALSE,TRUE
34.5398311174991,-0.0891484010061084,1000.00001031888,FALSE,FALSE
34.5577973409989,-0.0891484010061084,1000.00006159909,FALSE,FALSE
34.5757635644987,-0.0891484010061084,1000.00036685229,FALSE,FALSE
34.5937297879986,-0.0891484010061084,1000.00217752886,FALSE,FALSE
34.6116960114984,-0.0891484010061084,1000.01286187074,FALSE,FALSE
34.6296622349982,-0.0891484010061084,1000.07538684651,FALSE,FALSE
34.647628458498,-0.0891484010061084,1000.43607746418,FALSE,FALSE
34.6655946819978,-0.0891484010061084,1002.45922129342,FALSE,FALSE
34.6835609054977,-0.0891484010061084,1013.09083441681,FALSE,FALSE
34.7015271289975,-0.0891484010061084,1060.52948206358,FALSE,FALSE
34.7194933524973,-0.0891484010061084,1233.62786871633,FALSE,FALSE
34.7374595759971,-0.0891484010061084,1650.94234225625,FALSE,FALSE
34.7554257994969,-0.0891484010061084,2061.7457415029,FALSE,FALSE
34.7733920229968,-0.0891484010061084,1856.90622464958,FALSE,FALSE
34.7913582464966,-0.0891484010061084,1348.12258058465,FALSE,FALSE
34.8093244699964,-0.0891484010061084,1102.30355446912,FALSE,FALSE
34.8272906934962,-0.0891484010061084,1026.07676701762,FALSE,FALSE
34.845256916996,-0.0891484010061084,1005.27092696722,FALSE,FALSE
34.8632231404959,-0.0891484010061084,1002.76831229272,FALSE,FALSE
34.8811893639957,-0.0891484010061084,1007.39495669737,FALSE,FALSE
34.8991555874955,-0.0891484010061084,1017.28850845701,FALSE,FALSE
34.9171218109953,-0.0891484010061084,1018.43424090574,FALSE,FALSE
34.9350880344952,-0.0891484010061084,1024.5280792306,FALSE,FALSE
34.953054257995,-0.0891484010061084,1013.52151819715,FALSE,FALSE
34.9710204814948,-0.0891484010061084,1004.60816211882,FALSE,FALSE
34.9889867049946,-0.0891484010061084,1003.27062447476,FALSE,FALSE
35.0069529284944,-0.0891484010061084,1004.33868622191,FALSE,FALSE
35.0249191519943,-0.0891484010061084,1001.97262699478,FALSE,FALSE
35.0428853754941,-0.0891484010061084,1000.67357934504,FALSE,FALSE
35.0608515989939,-0.0891484010061084,1001.30667821057,FALSE,FALSE
35.0788178224937,-0.0891484010061084,1006.89755313997,FALSE,FALSE
35.0967840459935,-0.0891484010061084,1008.28444789276,FALSE,FALSE
34.45,-0.0711821775062881,0,FALSE,TRUE
34.4679662234998,-0.0711821775062881,0,FALSE,TRUE
34.4859324469996,-0.0711821775062881,0,FALSE,TRUE
34.5038986704995,-0.0711821775062881,0,FALSE,TRUE
34.5218648939993,-0.0711821775062881,1000.00000160707,FALSE,FALSE
34.5398311174991,-0.0711821775062881,1000.00000955847,FALSE,FALSE
34.5577973409989,-0.0711821775062881,1000.00005670667,FALSE,FALSE
34.5757635644987,-0.0711821775062881,1000.00033529793,FALSE,FALSE
34.5937297879986,-0.0711821775062881,1000.00197373119,FALSE,FALSE
34.6116960114984,-0.0711821775062881,1000.01154720483,FALSE,FALSE
34.6296622349982,-0.0711821775062881,1000.06697068061,FALSE,FALSE
34.647628458498,-0.0711821775062881,1000.38351381755,FALSE,FALSE
34.6655946819978,-0.0711821775062881,1002.15515920042,FALSE,FALSE
34.6835609054977,-0.0711821775062881,1011.75652824181,FALSE,FALSE
34.7015271289975,-0.0711821775062881,1057.9336648502,FALSE,FALSE
34.7194933524973,-0.0711821775062881,1187.30810356966,FALSE,FALSE
34.7374595759971,-0.0711821775062881,1449.59642889341,FALSE,FALSE
34.7554257994969,-0.0711821775062881,1794.82989656676,FALSE,FALSE
34.7733920229968,-0.0711821775062881,1658.62717727796,FALSE,FALSE
34.7913582464966,-0.0711821775062881,1322.40765382322,FALSE,FALSE
34.8093244699964,-0.0711821775062881,1100.07152579815,FALSE,FALSE
34.8272906934962,-0.0711821775062881,1021.24603122338,FALSE,FALSE
34.845256916996,-0.0711821775062881,1004.26980481005,FALSE,FALSE
34.8632231404959,-0.0711821775062881,1001.38303268428,FALSE,FALSE
34.8811893639957,-0.0711821775062881,1002.04924024913,FALSE,FALSE
34.8991555874955,-0.0711821775062881,1003.57083400147,FALSE,FALSE
34.9171218109953,-0.0711821775062881,1004.60555201356,FALSE,FALSE
34.9350880344952,-0.0711821775062881,1006.58092098714,FALSE,FALSE
34.953054257995,-0.0711821775062881,1004.43338433756,FALSE,FALSE
34.9710204814948,-0.0711821775062881,1001.58065196697,FALSE,FALSE
34.9889867049946,-0.0711821775062881,1000.8618311901,FALSE,FALSE
35.0069529284944,-0.0711821775062881,1000.7850273401,FALSE,FALSE
35.0249191519943,-0.0711821775062881,1000.48331811007,FALSE,FALSE
35.0428853754941,-0.0711821775062881,1000.28260290989,FALSE,FALSE
35.0608515989939,-0.0711821775062881,1000.62156534667,FALSE,FALSE
35.0788178224937,-0.0711821775062881,1001.83579028291,FALSE,FALSE
35.0967840459935,-0.0711821775062881,1001.97430245097,FALSE,FALSE
34.45,-0.0532159540064678,1000.00000000108,FALSE,FALSE
34.4679662234998,-0.0532159540064678,1000.00000000639,FALSE,FALSE
34.4859324469996,-0.0532159540064678,1000.00000003778,FALSE,FALSE
34.5038986704995,-0.0532159540064678,1000.00000022282,FALSE,FALSE
34.5218648939993,-0.0532159540064678,1000.00000130988,FALSE,FALSE
34.5398311174991,-0.0532159540064678,1000.00000766915,FALSE,FALSE
34.5577973409989,-0.0532159540064678,1000.00004467573,FALSE,FALSE
34.5757635644987,-0.0532159540064678,1000.00025858614,FALSE,FALSE
34.5937297879986,-0.0532159540064678,1000.00148428796,FALSE,FALSE
34.6116960114984,-0.0532159540064678,1000.00842610329,FALSE,FALSE
34.6296622349982,-0.0532159540064678,1000.04711571264,FALSE,FALSE
34.647628458498,-0.0532159540064678,1000.25779531364,FALSE,FALSE
34.6655946819978,-0.0532159540064678,1001.36291009481,FALSE,FALSE
34.6835609054977,-0.0532159540064678,1006.7386706743,FALSE,FALSE
34.7015271289975,-0.0532159540064678,1027.4221845091,FALSE,FALSE
34.7194933524973,-0.0532159540064678,1082.04479267547,FALSE,FALSE
34.7374595759971,-0.0532159540064678,1205.35080832082,FALSE,FALSE
34.7554257994969,-0.0532159540064678,1335.95384963163,FALSE,FALSE
34.7733920229968,-0.0532159540064678,1321.53917171617,FALSE,FALSE
34.7913582464966,-0.0532159540064678,1176.53045624076,FALSE,FALSE
34.8093244699964,-0.0532159540064678,1061.96677353619,FALSE,FALSE
34.8272906934962,-0.0532159540064678,1013.50248744401,FALSE,FALSE
34.845256916996,-0.0532159540064678,1002.73561046145,FALSE,FALSE
34.8632231404959,-0.0532159540064678,1000.67567064272,FALSE,FALSE
34.8811893639957,-0.0532159540064678,1000.49678182902,FALSE,FALSE
34.8991555874955,-0.0532159540064678,1000.70938573901,FALSE,FALSE
34.9171218109953,-0.0532159540064678,1000.96723854259,FALSE,FALSE
34.9350880344952,-0.0532159540064678,1001.18524543185,FALSE,FALSE
34.953054257995,-0.0532159540064678,1000.90139955086,FALSE,FALSE
34.9710204814948,-0.0532159540064678,1000.42149758845,FALSE,FALSE
34.9889867049946,-0.0532159540064678,1000.20930709678,FALSE,FALSE
35.0069529284944,-0.0532159540064678,1000.14934511263,FALSE,FALSE
35.0249191519943,-0.0532159540064678,1000.10267802657,FALSE,FALSE
35.0428853754941,-0.0532159540064678,1000.08586937218,FALSE,FALSE
35.0608515989939,-0.0532159540064678,1000.16834609191,FALSE,FALSE
35.0788178224937,-0.0532159540064678,1000.33640583389,FALSE,FALSE
35.0967840459935,-0.0532159540064678,1000.34893427325,FALSE,FALSE
